-- phpMyAdmin SQL Dump
-- version 4.2.11
-- http://www.phpmyadmin.net
--
-- Host: 127.0.0.1
-- Generation Time: Mar 11, 2015 at 10:12 AM
-- Server version: 5.6.21
-- PHP Version: 5.6.3

SET SQL_MODE = "NO_AUTO_VALUE_ON_ZERO";
SET time_zone = "+00:00";


/*!40101 SET @OLD_CHARACTER_SET_CLIENT=@@CHARACTER_SET_CLIENT */;
/*!40101 SET @OLD_CHARACTER_SET_RESULTS=@@CHARACTER_SET_RESULTS */;
/*!40101 SET @OLD_COLLATION_CONNECTION=@@COLLATION_CONNECTION */;
/*!40101 SET NAMES utf8 */;

--
-- Database: `alumni_forum`
--

-- --------------------------------------------------------

--
-- Table structure for table `rpl_category`
--

CREATE TABLE IF NOT EXISTS `rpl_category` (
`id_category` int(2) NOT NULL,
  `parent_id` int(2) NOT NULL,
  `name` varchar(50) NOT NULL,
  `url` varchar(50) NOT NULL,
  `date_added` datetime NOT NULL,
  `date_edit` datetime NOT NULL,
  `icon` varchar(50) NOT NULL,
  `image` varchar(100) NOT NULL,
  `status_active_id` int(1) NOT NULL
) ENGINE=InnoDB AUTO_INCREMENT=26 DEFAULT CHARSET=latin1;

--
-- Dumping data for table `rpl_category`
--

INSERT INTO `rpl_category` (`id_category`, `parent_id`, `name`, `url`, `date_added`, `date_edit`, `icon`, `image`, `status_active_id`) VALUES
(1, 0, 'Lounge', 'lounge', '2015-01-27 00:00:00', '0000-00-00 00:00:00', 'fa-coffee', '0', 1),
(2, 0, 'Discuss', 'discuss', '2015-01-27 00:00:00', '2015-01-27 00:00:00', 'fa-users', '0', 1),
(3, 0, 'Learn', 'learn', '2015-01-27 00:00:00', '0000-00-00 00:00:00', 'fa-th-large', '0', 1),
(4, 0, 'Project', 'project', '2015-01-27 00:00:00', '0000-00-00 00:00:00', 'fa-code', '0', 1),
(5, 0, 'Library', 'library', '2015-01-27 00:00:00', '0000-00-00 00:00:00', 'fa-book', '0', 1),
(6, 3, 'linux', 'linux', '2015-01-27 00:00:00', '0000-00-00 00:00:00', '', 'linux.jpg', 1),
(7, 3, 'Java', 'java', '0000-00-00 00:00:00', '0000-00-00 00:00:00', '', 'java.jpg', 1),
(8, 3, 'php', 'php', '0000-00-00 00:00:00', '0000-00-00 00:00:00', '', 'php.jpg', 1),
(9, 3, 'Adobe Photoshop', 'adobe_photoshop', '0000-00-00 00:00:00', '0000-00-00 00:00:00', '', 'adobe-photoshop.jpg', 1),
(10, 0, 'Moment', 'moment', '0000-00-00 00:00:00', '0000-00-00 00:00:00', 'fa-camera', '', 2),
(11, 5, 'Web', 'web', '0000-00-00 00:00:00', '0000-00-00 00:00:00', 'fa-code', '', 0),
(12, 5, 'Android', 'android', '0000-00-00 00:00:00', '0000-00-00 00:00:00', 'fa-android', '', 1),
(13, 5, 'Java', 'java', '0000-00-00 00:00:00', '0000-00-00 00:00:00', 'fa-coffee', '', 1),
(14, 3, 'mysql', 'mysql', '2015-02-24 00:00:00', '0000-00-00 00:00:00', '', 'mysql.jpg', 1),
(15, 3, 'networking', 'networking', '2015-02-24 00:00:00', '0000-00-00 00:00:00', '', 'networking.jpg', 1),
(16, 3, 'Borland Delphi', 'borland_delphi', '2015-02-24 00:00:00', '0000-00-00 00:00:00', '', 'borland_delphi.jpg', 1),
(17, 3, 'Microsoft Excel', 'microsoft_excel', '2015-02-24 00:00:00', '0000-00-00 00:00:00', '', 'microsoft-excel.jpg', 1),
(18, 3, 'Visual Studio', 'visual-studio', '2015-02-24 00:00:00', '0000-00-00 00:00:00', '', 'visual_studio.jpg', 1),
(19, 3, 'Adobe Flash', 'adobe_flash', '2015-02-24 00:00:00', '0000-00-00 00:00:00', '', 'adobe-flash.jpg', 1),
(20, 3, 'C', 'c', '2015-02-24 00:00:00', '0000-00-00 00:00:00', 'fa-book', 'c++.jpg', 1),
(21, 3, 'Microsoft Word', 'microsoft_word', '2015-02-24 00:00:00', '0000-00-00 00:00:00', '', 'microsoft-word.jpg', 1),
(22, 5, 'Linux', 'linux', '0000-00-00 00:00:00', '0000-00-00 00:00:00', 'fa-linux', '', 1),
(23, 5, 'Windows', 'windows', '0000-00-00 00:00:00', '0000-00-00 00:00:00', 'fa-windows', '', 1),
(24, 0, 'Event', 'event', '0000-00-00 00:00:00', '0000-00-00 00:00:00', 'fa-calendar', '', 1),
(25, 0, 'Job', 'job', '0000-00-00 00:00:00', '0000-00-00 00:00:00', 'fa-briefcase', '', 1);

-- --------------------------------------------------------

--
-- Table structure for table `rpl_library`
--

CREATE TABLE IF NOT EXISTS `rpl_library` (
`id_library` int(12) NOT NULL,
  `category_id` int(12) NOT NULL,
  `user_id` int(5) NOT NULL,
  `title` varchar(50) NOT NULL,
  `url_title` varchar(50) NOT NULL,
  `description` text NOT NULL,
  `date_add` datetime NOT NULL,
  `date_edit` datetime NOT NULL,
  `book` varchar(100) NOT NULL,
  `image` varchar(100) NOT NULL
) ENGINE=InnoDB AUTO_INCREMENT=2 DEFAULT CHARSET=latin1;

-- --------------------------------------------------------

--
-- Table structure for table `rpl_log_activity`
--

CREATE TABLE IF NOT EXISTS `rpl_log_activity` (
`id_log_activity` int(3) NOT NULL,
  `user_id` int(3) NOT NULL,
  `time` date NOT NULL,
  `activity` varchar(50) NOT NULL
) ENGINE=InnoDB DEFAULT CHARSET=latin1;

-- --------------------------------------------------------

--
-- Table structure for table `rpl_media_file`
--

CREATE TABLE IF NOT EXISTS `rpl_media_file` (
`id_media_file` int(3) NOT NULL,
  `file_name` varchar(70) NOT NULL,
  `file_url` text NOT NULL,
  `file_category` int(3) NOT NULL
) ENGINE=InnoDB DEFAULT CHARSET=latin1;

-- --------------------------------------------------------

--
-- Table structure for table `rpl_media_image`
--

CREATE TABLE IF NOT EXISTS `rpl_media_image` (
`id_media_image` int(5) NOT NULL,
  `image_name` varchar(70) NOT NULL,
  `image_url` text NOT NULL,
  `image_category` varchar(3) NOT NULL
) ENGINE=InnoDB DEFAULT CHARSET=latin1;

-- --------------------------------------------------------

--
-- Table structure for table `rpl_messenger`
--

CREATE TABLE IF NOT EXISTS `rpl_messenger` (
`id_messenger` int(5) NOT NULL,
  `user_writer` int(5) NOT NULL,
  `user_receiver` int(5) NOT NULL,
  `message` text NOT NULL,
  `date_post` date NOT NULL,
  `date_edit` date NOT NULL
) ENGINE=InnoDB DEFAULT CHARSET=latin1;

-- --------------------------------------------------------

--
-- Table structure for table `rpl_post`
--

CREATE TABLE IF NOT EXISTS `rpl_post` (
`id_post` int(7) NOT NULL,
  `thread_id` int(5) NOT NULL,
  `user_id` int(12) NOT NULL,
  `post` text NOT NULL,
  `date_add` datetime NOT NULL,
  `date_edit` datetime NOT NULL
) ENGINE=InnoDB AUTO_INCREMENT=6 DEFAULT CHARSET=latin1;

--
-- Dumping data for table `rpl_post`
--

INSERT INTO `rpl_post` (`id_post`, `thread_id`, `user_id`, `post`, `date_add`, `date_edit`) VALUES
(1, 5, 1, '<p>kalo agan udah coba ini itu, agan udah coba cek hardware nye lum, contohnye RAM agan&nbsp;</p>\n', '2015-03-04 06:21:20', '0000-00-00 00:00:00'),
(2, 1, 3, '<p>Alhamdulillah</p>\n', '2015-03-04 21:53:56', '0000-00-00 00:00:00'),
(3, 2, 3, '<p>makasih infonya gan, izin share io</p>\n', '2015-03-04 21:56:13', '0000-00-00 00:00:00'),
(4, 5, 3, '<p>wokeh makasih gan</p>\n', '2015-03-05 06:20:16', '0000-00-00 00:00:00'),
(5, 2, 1, '<p><img alt="Image result for kaskus emoticon" src="https://encrypted-tbn1.gstatic.com/images?q=tbn:ANd9GcSYcXAxSK1c_pBj5b5IEHJSR5_MS714bmMHWsYZjeWPrdXwzHYY" /></p>\r\n', '2015-03-08 17:03:23', '0000-00-00 00:00:00');

-- --------------------------------------------------------

--
-- Table structure for table `rpl_role`
--

CREATE TABLE IF NOT EXISTS `rpl_role` (
`id_role` int(12) NOT NULL,
  `role` varchar(50) NOT NULL,
  `admin_area` int(1) NOT NULL,
  `thread_create` int(1) NOT NULL,
  `thread_edit` int(1) NOT NULL,
  `thread_delete` int(1) NOT NULL,
  `category_create` int(1) NOT NULL,
  `category_edit` int(1) NOT NULL,
  `category_delete` int(1) NOT NULL,
  `rule_create` int(1) NOT NULL,
  `rule_edit` int(1) NOT NULL,
  `rule_delete` int(1) NOT NULL,
  `user_view` int(1) NOT NULL,
  `user_create` int(1) NOT NULL,
  `user_edit` int(1) NOT NULL,
  `user_delete` int(1) NOT NULL
) ENGINE=InnoDB AUTO_INCREMENT=3 DEFAULT CHARSET=latin1;

--
-- Dumping data for table `rpl_role`
--

INSERT INTO `rpl_role` (`id_role`, `role`, `admin_area`, `thread_create`, `thread_edit`, `thread_delete`, `category_create`, `category_edit`, `category_delete`, `rule_create`, `rule_edit`, `rule_delete`, `user_view`, `user_create`, `user_edit`, `user_delete`) VALUES
(0, 'member', 0, 0, 0, 0, 0, 1, 1, 0, 0, 0, 0, 0, 0, 0),
(1, 'administrator', 1, 1, 1, 1, 1, 1, 1, 1, 1, 1, 1, 1, 1, 1),
(2, 'editor', 0, 0, 0, 0, 1, 1, 1, 0, 0, 0, 0, 0, 0, 0);

-- --------------------------------------------------------

--
-- Table structure for table `rpl_session`
--

CREATE TABLE IF NOT EXISTS `rpl_session` (
`id_session` int(3) NOT NULL,
  `user_id` int(3) NOT NULL,
  `time` date NOT NULL
) ENGINE=InnoDB DEFAULT CHARSET=latin1;

-- --------------------------------------------------------

--
-- Table structure for table `rpl_status`
--

CREATE TABLE IF NOT EXISTS `rpl_status` (
`id_status` int(2) NOT NULL,
  `status` varchar(20) NOT NULL
) ENGINE=InnoDB AUTO_INCREMENT=5 DEFAULT CHARSET=latin1;

--
-- Dumping data for table `rpl_status`
--

INSERT INTO `rpl_status` (`id_status`, `status`) VALUES
(1, 'Guru'),
(2, 'Murid'),
(3, 'alumni'),
(4, '-');

-- --------------------------------------------------------

--
-- Table structure for table `rpl_status_active`
--

CREATE TABLE IF NOT EXISTS `rpl_status_active` (
`id_status_active` int(2) NOT NULL,
  `status_active` varchar(50) NOT NULL
) ENGINE=InnoDB AUTO_INCREMENT=3 DEFAULT CHARSET=latin1;

--
-- Dumping data for table `rpl_status_active`
--

INSERT INTO `rpl_status_active` (`id_status_active`, `status_active`) VALUES
(1, 'active'),
(2, 'non active');

-- --------------------------------------------------------

--
-- Table structure for table `rpl_thread`
--

CREATE TABLE IF NOT EXISTS `rpl_thread` (
`id_thread` int(12) NOT NULL,
  `category_id` int(12) NOT NULL,
  `user_id` int(5) NOT NULL,
  `title` varchar(150) NOT NULL,
  `url_title` varchar(150) NOT NULL,
  `desc_title` text NOT NULL,
  `content` text NOT NULL,
  `date_add` datetime NOT NULL,
  `date_edit` datetime NOT NULL,
  `date_last_post` datetime NOT NULL,
  `image` varchar(100) NOT NULL,
  `counter` int(3) NOT NULL
) ENGINE=InnoDB AUTO_INCREMENT=26 DEFAULT CHARSET=latin1;

--
-- Dumping data for table `rpl_thread`
--

INSERT INTO `rpl_thread` (`id_thread`, `category_id`, `user_id`, `title`, `url_title`, `desc_title`, `content`, `date_add`, `date_edit`, `date_last_post`, `image`, `counter`) VALUES
(1, 1, 3, 'Inspiratif : Ini Dia, Desain Tampilan 30 Website Populer Di Awal Kemunculannya', 'inspiratif_:_ini_dia,_desain_tampilan_30_website_populer_di_awal_kemunculannya', 'Inspiratif : Ini Dia, Desain Tampilan 30 Website Populer Di Awal Kemunculannya', '<p>Satu hari ini saya brainstorming alias bertapa cari inspirasi di rumah, cukup membosankan juga. Apalagi kalo gak menemukan ide sama sekali, ditambah perut lapar gara-gara gak ada warung yang buka di bulan puasa ini. Jadilah saya keliling-keliling dunia maya, yang akhirnya <em>nyantol </em>lagi di Facebook. Seperti biasa, cuma baca-baca status dari teman-teman, entah yang itu saya kenal atau tidak. Dan kembali lagi ke Google untuk mencari tambahan inspirasi. Saya pun iseng, ingin mengetahui bagaimana perkembangan desain website 5-15 tahun yang lalu. Dengan keyword &ldquo;<strong>websites looked in the past</strong>&ldquo;, sampailah saya disebuah situs yang menampilkan 30 website populer di awal-awal kemunculannya. Mulai dari Google, Yahoo, YouTube sampai Twitter dan Facebook pun ada penampakannya. Seperti apa tampilan situs-situs populer tersebut 5-15 tahun yang lalu? Yuk, kita lihat sama-sama.</p>\r\n\r\n<p>1. Google (tahun 1998)</p>\r\n\r\n<p><a href="http://gedelumbung.com/wp-content/uploads/2011/08/google.jpg"><img alt="" class="aligncenter size-full wp-image-1223" height="200" src="http://gedelumbung.com/wp-content/uploads/2011/08/google.jpg" title="google" width="400" /></a></p>\r\n\r\n<p>2. Yahoo (tahun 1998)</p>\r\n\r\n<p><a href="http://gedelumbung.com/wp-content/uploads/2011/08/yahoo.jpg"><img alt="" class="aligncenter size-full wp-image-1224" height="200" src="http://gedelumbung.com/wp-content/uploads/2011/08/yahoo.jpg" title="yahoo" width="400" /></a></p>\r\n\r\n<p>3. eBay (tahun 2000)</p>\r\n\r\n<p><a href="http://gedelumbung.com/wp-content/uploads/2011/08/ebay.jpg"><img alt="" class="aligncenter size-full wp-image-1225" height="200" src="http://gedelumbung.com/wp-content/uploads/2011/08/ebay.jpg" title="ebay" width="400" /></a></p>\r\n\r\n<p>4. Friendster (tahun 2003)</p>\r\n\r\n<p><a href="http://gedelumbung.com/wp-content/uploads/2011/08/friendster.jpg"><img alt="" class="aligncenter size-full wp-image-1226" height="200" src="http://gedelumbung.com/wp-content/uploads/2011/08/friendster.jpg" title="friendster" width="400" /></a></p>\r\n\r\n<p>5. Wikipedia (tahun 2002)</p>\r\n\r\n<p><a href="http://gedelumbung.com/wp-content/uploads/2011/08/wikipedia.jpg"><img alt="" class="aligncenter size-full wp-image-1227" height="200" src="http://gedelumbung.com/wp-content/uploads/2011/08/wikipedia.jpg" title="wikipedia" width="400" /></a></p>\r\n\r\n<p>6. Facebook (tahun 2005)</p>\r\n\r\n<p style="text-align: center;"><a href="http://gedelumbung.com/wp-content/uploads/2011/08/facebook.jpg"><img alt="" class="aligncenter size-full wp-image-1228" height="322" src="http://gedelumbung.com/wp-content/uploads/2011/08/facebook.jpg" title="facebook" width="435" /></a></p>\r\n\r\n<p>7. YouTube (tahun 2005)</p>\r\n\r\n<p style="text-align: center;"><a href="http://gedelumbung.com/wp-content/uploads/2011/08/youtube.jpg"><img alt="" class="aligncenter size-large wp-image-1229" height="215" src="http://gedelumbung.com/wp-content/uploads/2011/08/youtube-1024x512.jpg" title="youtube" width="430" /></a></p>\r\n\r\n<p>8. Twitter (tahun 2006)</p>\r\n\r\n<p style="text-align: center;"><a href="http://gedelumbung.com/wp-content/uploads/2011/08/twitter.jpg"><img alt="" class="aligncenter size-large wp-image-1230" height="215" src="http://gedelumbung.com/wp-content/uploads/2011/08/twitter-1024x512.jpg" title="twitter" width="430" /></a></p>\r\n\r\n<p>9. WordPress.0rg (tahun 2003)</p>\r\n\r\n<p style="text-align: center;"><a href="http://gedelumbung.com/wp-content/uploads/2011/08/wordpress.jpg"><img alt="" class="aligncenter size-large wp-image-1231" height="215" src="http://gedelumbung.com/wp-content/uploads/2011/08/wordpress-1024x512.jpg" title="wordpress" width="430" /></a></p>\r\n\r\n<p>10. Amazon (tahun 1995)</p>\r\n\r\n<p style="text-align: center;"><a href="http://gedelumbung.com/wp-content/uploads/2011/08/amazon.jpg"><img alt="" class="aligncenter size-full wp-image-1232" height="288" src="http://gedelumbung.com/wp-content/uploads/2011/08/amazon.jpg" title="amazon" width="444" /></a></p>\r\n\r\n<p>11. LinkedIn (tahun 2005)</p>\r\n\r\n<p style="text-align: center;"><a href="http://gedelumbung.com/wp-content/uploads/2011/08/linkedin.jpg"><img alt="" class="aligncenter size-large wp-image-1233" height="246" src="http://gedelumbung.com/wp-content/uploads/2011/08/linkedin-1024x512.jpg" title="linkedin" width="491" /></a></p>\r\n\r\n<p>12. Mashable (tahun 2007)</p>\r\n\r\n<p style="text-align: center;"><a href="http://gedelumbung.com/wp-content/uploads/2011/08/mashable.jpg"><img alt="" class="aligncenter size-large wp-image-1234" height="179" src="http://gedelumbung.com/wp-content/uploads/2011/08/mashable-1024x426.jpg" title="mashable" width="430" /></a></p>\r\n\r\n<p>13. PayPal (tahun 1999)</p>\r\n\r\n<p style="text-align: center;"><a href="http://gedelumbung.com/wp-content/uploads/2011/08/paypal.jpg"><img alt="" class="aligncenter size-large wp-image-1235" height="215" src="http://gedelumbung.com/wp-content/uploads/2011/08/paypal-1024x512.jpg" title="paypal" width="430" /></a></p>\r\n\r\n<p>14. Apple (tahun 1997)</p>\r\n\r\n<p style="text-align: center;"><a href="http://gedelumbung.com/wp-content/uploads/2011/08/apple.jpg"><img alt="" class="aligncenter size-full wp-image-1236" height="401" src="http://gedelumbung.com/wp-content/uploads/2011/08/apple.jpg" title="apple" width="444" /></a></p>\r\n\r\n<p>15. Microsoft (tahun 1997)</p>\r\n\r\n<p style="text-align: center;"><a href="http://gedelumbung.com/wp-content/uploads/2011/08/microsoft.jpg"><img alt="" class="aligncenter size-large wp-image-1237" height="250" src="http://gedelumbung.com/wp-content/uploads/2011/08/microsoft-1024x520.jpg" title="microsoft" width="491" /></a></p>\r\n\r\n<p>16. Flickr (tahun 2004)</p>\r\n\r\n<p style="text-align: center;"><a href="http://gedelumbung.com/wp-content/uploads/2011/08/flickr.jpg"><img alt="" class="aligncenter size-large wp-image-1238" height="215" src="http://gedelumbung.com/wp-content/uploads/2011/08/flickr-1024x512.jpg" title="flickr" width="430" /></a></p>\r\n\r\n<p>17. Go Daddy (tahun 2000)</p>\r\n\r\n<p style="text-align: center;"><a href="http://gedelumbung.com/wp-content/uploads/2011/08/godady.jpg"><img alt="" class="aligncenter size-large wp-image-1239" height="215" src="http://gedelumbung.com/wp-content/uploads/2011/08/godady-1024x512.jpg" title="godady" width="430" /></a></p>\r\n\r\n<p>18. CNN (tahun 2000)</p>\r\n\r\n<p style="text-align: center;"><a href="http://gedelumbung.com/wp-content/uploads/2011/08/cnn.jpg"><img alt="" class="aligncenter size-full wp-image-1240" height="281" src="http://gedelumbung.com/wp-content/uploads/2011/08/cnn.jpg" title="cnn" width="407" /></a></p>\r\n\r\n<p>19. IMDB (tahun 2000)</p>\r\n\r\n<p style="text-align: center;"><a href="http://gedelumbung.com/wp-content/uploads/2011/08/imdb.jpg"><img alt="" class="aligncenter size-large wp-image-1241" height="193" src="http://gedelumbung.com/wp-content/uploads/2011/08/imdb-1024x459.jpg" title="imdb" width="430" /></a></p>\r\n\r\n<p>20. CNET.com (tahun 1996)</p>\r\n\r\n<p style="text-align: center;"><a href="http://gedelumbung.com/wp-content/uploads/2011/08/cnet.jpg"><img alt="" class="aligncenter size-full wp-image-1242" height="406" src="http://gedelumbung.com/wp-content/uploads/2011/08/cnet.jpg" title="cnet" width="449" /></a></p>\r\n\r\n<p>21. Myspace (tahun 1996)</p>\r\n\r\n<p style="text-align: center;"><a href="http://gedelumbung.com/wp-content/uploads/2011/08/myspace.jpg"><img alt="" class="aligncenter size-large wp-image-1243" height="210" src="http://gedelumbung.com/wp-content/uploads/2011/08/myspace-1024x583.jpg" title="myspace" width="368" /></a></p>\r\n\r\n<p>22. DeviantArt (tahun 2000)</p>\r\n\r\n<p style="text-align: center;"><a href="http://gedelumbung.com/wp-content/uploads/2011/08/deviantart.jpg"><img alt="" class="aligncenter size-large wp-image-1244" height="215" src="http://gedelumbung.com/wp-content/uploads/2011/08/deviantart-1024x512.jpg" title="deviantart" width="430" /></a></p>\r\n\r\n<p>23. Reddit (tahun 2005)</p>\r\n\r\n<p style="text-align: center;"><a href="http://gedelumbung.com/wp-content/uploads/2011/08/reddit.jpg"><img alt="" class="aligncenter size-large wp-image-1245" height="211" src="http://gedelumbung.com/wp-content/uploads/2011/08/reddit-1024x501.jpg" title="reddit" width="430" /></a></p>\r\n\r\n<p>24. AOL (tahun 1996)</p>\r\n\r\n<p style="text-align: center;"><a href="http://gedelumbung.com/wp-content/uploads/2011/08/aol.jpg"><img alt="" class="aligncenter size-large wp-image-1246" height="215" src="http://gedelumbung.com/wp-content/uploads/2011/08/aol-1024x512.jpg" title="aol" width="430" /></a></p>\r\n\r\n<p>25. HostGator (tahun 2002)</p>\r\n\r\n<p><a href="http://gedelumbung.com/wp-content/uploads/2011/08/hostgator.jpg"><img alt="" class="aligncenter size-full wp-image-1247" height="250" src="http://gedelumbung.com/wp-content/uploads/2011/08/hostgator.jpg" title="hostgator" width="500" /></a></p>\r\n\r\n<p>26. Mozilla.org (tahun 1998)</p>\r\n\r\n<p><a href="http://gedelumbung.com/wp-content/uploads/2011/08/mozilla.jpg"><img alt="" class="aligncenter size-full wp-image-1248" height="250" src="http://gedelumbung.com/wp-content/uploads/2011/08/mozilla.jpg" title="mozilla" width="500" /></a></p>\r\n\r\n<p>27. MSN (tahun 1996)</p>\r\n\r\n<p><a href="http://gedelumbung.com/wp-content/uploads/2011/08/msn.jpg"><img alt="" class="aligncenter size-full wp-image-1249" height="526" src="http://gedelumbung.com/wp-content/uploads/2011/08/msn.jpg" title="msn" width="500" /></a></p>\r\n\r\n<p>28. Adobe (tahun 1996)</p>\r\n\r\n<p><a href="http://gedelumbung.com/wp-content/uploads/2011/08/adobe.jpg"><img alt="" class="aligncenter size-full wp-image-1250" height="481" src="http://gedelumbung.com/wp-content/uploads/2011/08/adobe.jpg" title="adobe" width="500" /></a></p>\r\n\r\n<p>29. Technorati (tahun 2003)</p>\r\n\r\n<p><a href="http://gedelumbung.com/wp-content/uploads/2011/08/technorati.jpg"><img alt="" class="aligncenter size-full wp-image-1251" height="267" src="http://gedelumbung.com/wp-content/uploads/2011/08/technorati.jpg" title="technorati" width="500" /></a></p>\r\n\r\n<p>30. Smashing Magazine (tahun 2006)</p>\r\n\r\n<p><a href="http://gedelumbung.com/wp-content/uploads/2011/08/smashing-mag.jpg"><img alt="" class="aligncenter size-full wp-image-1252" height="322" src="http://gedelumbung.com/wp-content/uploads/2011/08/smashing-mag.jpg" title="smashing-mag" width="500" /></a></p>\r\n\r\n<p>Gimana??? Jadul abis kan??? (#hehe)</p>\r\n\r\n<p>Sumber : http://ginva.com/2011/06/most-popular-websites-looked-in-the-past/</p>\r\n', '2015-03-03 17:34:22', '2015-03-03 17:38:13', '2015-03-03 17:34:22', '', 13),
(2, 24, 3, 'IBM Mengadakan Lomba Pengembangan Aplikasi', 'ibm_mengadakan_lomba_pengembangan_aplikasi', 'IBM Mengadakan Lomba Pengembangan Aplikasi', '<div style="text-align: justify;">Pengembang sistem operasi BlankOn beberapa waktu lalu mengadakan <a href="http://milisdad.blogspot.com/2015/02/lomba-aplikasi-html5-berhadiah-laptop.html">lomba pengembangan aplikasi menggunakan HTML5</a>. Dalam dekat ini IBM akan mengadakan lomba pengembangan aplikasi, <i><b>IBM Developer War Day</b></i> dengan tema <b>Membangun Kemandirian Nasional dengan OpenSource</b>. Lomba yang dapat diikuti oleh tim atau individual. Untuk tim maksimal terdiri dari maksimal 5 orang.</div>\r\n\r\n<div style="text-align: justify;">&nbsp;</div>\r\n\r\n<div style="text-align: justify;">Tema yang bisa diangkat adalah Bidang Maritim, Bidang Kesehatan/Layanan Publik atau Mikrofinansial. Persyaratan sistem operasi dalam lomba yang diperkenankan RHEL, SLES, Fedora, OpenSuse, Ubuntu, atau Debian. Diharapkan aplikasi yang dikembangkan dapat berjalan pada <i>platform </i>Power Systems. Peranti lunak yang digunakan tentunya aplikasi berlisensi bebas.</div>\r\n\r\n<div style="text-align: justify;">&nbsp;</div>\r\n\r\n<div style="text-align: justify;">Bicara lomba tidak jauh dari hadiah yang menarik. Hadiah yang ditawarkan oleh IBM adalah Uang Tunai, Pelatihan Gratis, <i>Mentoring</i>, dan Bantuan Promosi. Tentu hadiah sesuai dengan ketentuan yang berlaku. Informasi lengkap terkait lomba akan disampaikan pada tanggal 19 Maret 2015. Jadi jangan lupa mencatat tanggal tersebut untuk memantau akun media sosial IBM.</div>\r\n\r\n<div class="separator" style="clear: both; text-align: center;"><a href="http://1.bp.blogspot.com/-xVx6CGd5cMM/VPANlpalXeI/AAAAAAAAKeI/uoRxHynWPoA/s1600/lomba-dev-ibm2015.jpg" style="margin-left: 1em; margin-right: 1em;"><img border="0" height="640" src="http://1.bp.blogspot.com/-xVx6CGd5cMM/VPANlpalXeI/AAAAAAAAKeI/uoRxHynWPoA/s1600/lomba-dev-ibm2015.jpg" width="452" /></a></div>\r\n\r\n<p>sumber :&nbsp;http://milisdad.blogspot.com/2015/02/ibm-mengadakan-lomba-pengembangan.html</p>\r\n', '2015-03-03 17:37:04', '0000-00-00 00:00:00', '2015-03-03 17:37:04', '', 8),
(5, 2, 3, 'Help gan PC ane blue screen', 'help_gan_pc_ane_blue_screen', 'Help gan PC ane blue screen', '<p>Help gan PC ane blue screen, ane dah coba googling dan masih stack&nbsp;any solution&nbsp;<img alt="Image result for onion emoticon gif" src="https://encrypted-tbn0.gstatic.com/images?q=tbn:ANd9GcRYrUBuz5t1cDlEyosw0aAJ2YB-rbUbhjbX320Tqs-Iuyb4W7dWgg" /></p>\n', '2015-03-04 06:20:42', '0000-00-00 00:00:00', '2015-03-04 06:20:42', '', 18),
(6, 4, 1, 'ErpeelDev Project', 'erpeeldev_project', 'ErpeelDev Project Forum', '<p>ErpeelDev merupakan sebuah project yang diperuntukan untuk seluruh anggota RPL 24 baik siswa, guru, dan juga alumni. Saat ini masih tahap pengembangan dan besar harapan kami atas dukungan kalian untuk berkontribusi, untuk source code bisa dilihat di link berikut :&nbsp;<br />\r\n<a href="https://github.com/muhammadzulfikar/erpeeldev">https://github.com/muhammadzulfikar/erpeeldev</a><br />\r\nTerimakasih</p>\r\n\r\n<p>Happy Coding For Erpeel 24 :)<br />\r\n<img alt="Image result for github" src="https://encrypted-tbn2.gstatic.com/images?q=tbn:ANd9GcQgEZ4N8OGImf9su52V5W3EebxOesDwptwHzrskWWMdYFi4e-8J" /><br />\r\n&nbsp;</p>\r\n', '2015-03-08 02:55:57', '2015-03-08 02:57:57', '2015-03-08 02:55:57', '', 4),
(7, 24, 1, 'StartupLokal Meetup v.52: 15 Ways to Own the Room: Pitching to Professionals', 'startuplokal_meetup_v.52:_15_ways_to_own_the_room:_pitching_to_professionals', 'StartupLokal Meetup v.52: 15 Ways to Own the Room: Pitching to Professionals', '<ul class="dividedList" style="margin: 0px; padding-right: 0px; padding-left: 0px; list-style: none; color: rgba(0, 0, 0, 0.670588); font-family: Whitney, helvetica, arial, sans-serif; font-size: 16px; line-height: 22.3999996185303px;">\r\n	<li class="event-stack event-stack-first event-when complete" id="event-when" style="margin: 0px; padding: 18px 0px 0px; color: rgb(39, 39, 39); border-top-style: none; background-image: initial; background-attachment: initial; background-size: initial; background-origin: initial; background-clip: initial; background-position: initial; background-repeat: initial;">\r\n	<div class="figureset">\r\n	<div class="clearfix figureset-description" id="event-when-display" style="display: table-cell; vertical-align: top; width: auto; padding-left: 13.5px;">\r\n	<div class="margin-bottom" style="margin-bottom: 18px;">\r\n	<h3 style="color: rgba(0, 0, 0, 0.952941); margin: 0px; padding: 0px 0px 6px; line-height: 1.2; font-weight: 700; font-size: 1.25rem; letter-spacing: -0.25px;"><time datetime="2015-03-11T18:00:00+07:00" id="event-start-time" itemprop="startDate" style="display: inline;">Wednesday, March 11, 2015</time></h3>\r\n	<time datetime="2015-03-11T18:00:00+07:00" id="event-start-time" itemprop="startDate" style="display: inline;"><span class="subtext" style="display: inline; color: rgb(136, 136, 136);">6:00 PM</span></time>&nbsp;<span class="subtext" style="display: inline; color: rgb(136, 136, 136);">to</span>&nbsp;<time id="event-end-time" style="display: inline;"><span class="subtext" style="display: inline; color: rgb(136, 136, 136);">9:00 PM</span></time></div>\r\n	</div>\r\n	</div>\r\n	</li>\r\n	<li class="event-stack event-where complete" data-address="Jl. Kebon Sirih Kav. 10-12, &lt;span&gt;Jakarta&lt;/span&gt;" data-id="23470674" data-name="Telkom Indonesia - Menara Multimedia 6th Floor" id="event-where" style="margin: 0px; padding: 18px 0px 0px; color: rgb(39, 39, 39); border-top-width: 1px; border-top-style: dotted; border-top-color: rgb(238, 238, 238); background-image: initial; background-attachment: initial; background-size: initial; background-origin: initial; background-clip: initial; background-position: initial; background-repeat: initial;">\r\n	<div class="figureset">\r\n	<div class="figureset-figure event-stack-icon sprite-event-stack spr-event-stack-location margin-bottom" style="display: table-cell; vertical-align: top; width: 35px; line-height: 0; margin-bottom: 18px; height: 35px; float: left; border-radius: 3px; background: url(http://static1.meetupstatic.com/img/457215487999207154373/sprites/event-stack-sprite.png) -1px -38px no-repeat rgb(221, 221, 221);">&nbsp;</div>\r\n\r\n	<div class="clearfix figureset-description" id="event-where-display" itemprop="location" itemscope="" itemtype="http://schema.org/Place" style="display: table-cell; vertical-align: top; width: auto; padding-left: 13.5px;">\r\n	<h3 itemprop="name" style="color: rgba(0, 0, 0, 0.952941); margin: 0px; padding: 0px 0px 6px; line-height: 1.2; font-weight: 700; font-size: 1.25rem; letter-spacing: -0.25px;"><a href="http://maps.google.com/maps?f=q&amp;hl=en&amp;q=Jl.+Kebon+Sirih+Kav.+10-12%2C+Jakarta%2C+id" style="display: inline; cursor: pointer; color: rgb(57, 135, 203); text-decoration: none;" target="_blank" title="">Telkom Indonesia - Menara Multimedia 6th Floor</a></h3>\r\n\r\n	<p class="event-where-address subtext" itemprop="address" itemscope="" itemtype="http://schema.org/PostalAddress" style="margin: 0px 0px 18px; padding: 0px; line-height: 21.4400005340576px; color: rgb(136, 136, 136);">Jl. Kebon Sirih Kav. 10-12,&nbsp;Jakarta&nbsp;<span class="event-map-link" style="display: inline;">(<a href="http://maps.google.com/maps?f=q&amp;hl=en&amp;q=Jl.+Kebon+Sirih+Kav.+10-12%2C+Jakarta%2C+id" style="display: inline; cursor: pointer; color: rgb(57, 135, 203); text-decoration: none;" target="_blank">map</a>)</span></p>\r\n\r\n	<p style="margin: 0px 0px 18px; padding: 0px;">&nbsp;</p>\r\n	</div>\r\n	</div>\r\n	</li>\r\n	<li class="hover-to-edit-noposchange event-desc" id="event-desc" style="margin: 0px; padding: 18px 0px 0px; line-height: 1.35em; position: relative; border-top-width: 1px; border-top-style: solid; border-top-color: rgb(238, 238, 238);">\r\n	<div class="line redactor-description" id="event-description-wrap" itemprop="description" style="width: 500px; word-wrap: break-word; word-break: break-word; overflow: hidden; line-height: 1.4;">\r\n	<p style="margin: 0px 0px 18px; padding: 0px;">This workshop will give you practical tips to sharpen your message and calm your nerves. We will apply these to specific scenarios relevant to entrepreneurs and startups, including pitch presentations.&nbsp;&nbsp;</p>\r\n\r\n	<p style="margin: 0px 0px 18px; padding: 0px;">Speaker:&nbsp;<a href="https://www.linkedin.com/in/williamhaskins" style="display: inline; cursor: pointer; color: rgb(57, 135, 203); text-decoration: none;">Will Haskins</a>, Editorial Director, North Point Partners</p>\r\n\r\n	<p style="margin: 0px 0px 18px; padding: 0px;"><img src="https://media.licdn.com/media/p/1/000/29a/38f/07cc4fa.jpg" style="margin: 5px; padding: 0px; border: 0px; line-height: 0; max-width: 700px; display: block; max-height: 700px;" /></p>\r\n\r\n	<p style="margin: 0px 0px 18px; padding: 0px;"><br />\r\n	Will Haskins has been helping people say what they mean for more than a decade. A writer by trade and an educator by training, Will enjoys helping professionals develop a personal communication style. Businesses, small and large, turn to Will for sustainable, social strategies and effective content marketing plans.&nbsp;Will has worked in media research, banking and financial publishing, after teaching writing, public speaking and classics in the US.&nbsp;</p>\r\n\r\n	<p style="margin: 0px 0px 18px; padding: 0px;"><span style="font-weight: 700;">Event Rundown &nbsp;&nbsp;</span><br />\r\n	18.00-18.45 Registration + Dinner + Networking &nbsp;&nbsp;<br />\r\n	18.45-19.00 Opening &amp;StartUpdates by MC &nbsp;&nbsp;<br />\r\n	19.00-19.05 Opening by StartupLokal as organizer &nbsp;&nbsp;<br />\r\n	19.05-19.15 Welcoming speech by DDB Accelerator as host &amp; sponsor&nbsp;&nbsp;<br />\r\n	19.15-19.45 Keynote by Will Haskins&nbsp;<br />\r\n	19.45-20.00 Workshop session, audience will be divided into groups&nbsp;&nbsp;<br />\r\n	20.15-20.45 Presentation by group leaders&nbsp;&nbsp;<br />\r\n	20.45-21.00 Q&amp;A and closing remarks by speaker&nbsp;&nbsp;<br />\r\n	21.00-21.30 Photo Session &amp; Networking&nbsp;<br />\r\n	<br />\r\n	There will also be startup showcase too on the venue. &nbsp;&nbsp;<br />\r\n	<br />\r\n	StartupLokal event is sponsored by DDB (Divisi Digital Bisnis) Accelerator - Telkom Indonesia.&nbsp;<br />\r\n	<br />\r\n	<span style="font-weight: 700;">This event is FREE. We don&#39;t want to limit the participants and we want to keep this high quality event FREE so please help us by attending the event with the intention to learn and have your full attention to the speakers. There&#39;s available time for networking BEFORE and AFTER the event. &nbsp;</span>&nbsp;<br />\r\n	<br />\r\n	Please come early at 6pm to have your dinner (served for 200pax). &nbsp;&nbsp;<br />\r\n	<br />\r\n	*Details on the rundown is subject to change without prior notice.&nbsp;&nbsp;<br />\r\n	<br />\r\n	LIVE STREAMING :&nbsp;<a href="http://www.ddbaccelerator.com/startuplokal" style="display: inline; cursor: pointer; color: rgb(57, 135, 203); text-decoration: none;">www.ddbaccelerator.com/startuplokal</a></p>\r\n	</div>\r\n	</li>\r\n</ul>\r\n', '2015-03-08 22:20:37', '0000-00-00 00:00:00', '2015-03-08 22:20:37', '', 4),
(8, 1, 1, 'Melung, Kisah Sebuah Desa-Internet ', 'melung,_kisah_sebuah_desa-internet', 'Di lereng Gunung Slamet, hampir seluruh wilayah desa ini area hotspot.', '<div class="thumbcontainer"><img src="http://cdn-media.viva.id/thumbs2/2013/07/12/214071_warga-desa-melung-internetan-di-balai-desa_663_382.jpg" /></div>\r\n\r\n<div class="photodesc">warga desa melung internetan di balai desa</div>\r\n\r\n<p><span itemprop="articleBody"><strong>VIVAnews -</strong> Menjelang senja, Desa Melung, Banyumas, Jawa Tengah, terlihat sepi. Suasananya seperti biasa, damai, sejuk, dan bersahaja. Tidak ada yang membuatnya tampak istimewa dibandingkan desa-desa tetangga. Kasat mata, hanya ada sekumpulan rumah sederhana, dikepung perbukitan serta pepohonan hijau di lereng Gunung Slamet.<br />\r\n<br />\r\n&quot;Dulu, jam segini, warga sering berkumpul di sudut jalan. Biasanya di kedai. Melepas lelah setelah seharian bekerja. Ada yang pulang bertani, dagang, macam-macam,&quot; tutur Agung Budi Satrio kala berbincang-bincang dengan <em>VIVAnews</em> di rumahnya, 9 Juli 2013. Budi&mdash;begitu dia disapa&mdash;adalah mantan Kepala Desa Melung.<br />\r\n<br />\r\n&quot;Tapi, pemandangan itu sudah jarang terlihat lagi. Sejak warga di sini mengenal Internet, mereka lebih kerasan berada di rumah. Hanya sesekali kumpul-kumpul di luar rumah,&quot; katanya, sembari menyeruput kopi.<br />\r\n<br />\r\nInternet?<br />\r\n<br />\r\nMelung bukan desa di pinggiran kota. Memiliki luas area sekitar 1.320 hektar, ini desa di pelosok yang berada di ketinggian 600 meter dari permukaan laut, di lereng Gunung Slamet. Jaraknya sekitar 20 kilometer dari jantung ibukota Kabupaten Banyumas.<br />\r\n<br />\r\nCuma, nama desa berpenduduk sekitar 2.000 jiwa ini kencang bergaung di dunia maya. Desa kecil ini sohor dengan julukan &ldquo;desa-Internet&rdquo;, desa yang melek teknologi informasi.<br />\r\n<br />\r\n<strong>Modal Rp6 Juta</strong><br />\r\n<br />\r\nBudi bukan sembarang kepala desa. Dialah sang penggagas gerakan &ldquo;Internet masuk desa&rdquo; di Melung.<br />\r\n<br />\r\nSaat wartawan <em>VIVAnews </em>menyalakan laptop, dia langsung menukas, &quot;Tidak usah pakai modem. Buat apa?&quot;<br />\r\n<br />\r\nTahu yang diajak bicara mendadak jadi bengong, Budi buru-buru menjelaskan sembari tersenyum. &quot;Hampir seluruh kawasan di desa ini sudah menjadi hotspot area, tinggal disambung saja.&rdquo;<br />\r\n<br />\r\nBudi pun berkisah.<br />\r\n<br />\r\nSuatu waktu di tahun 2008 dia merenung, menyadari lokasi desanya yang amat terpencil dan tersisih dari derasnya arus informasi di luar sana. Informasi hanya dapat diperoleh dari surat kabar, tapi cuma bisa diakses segelintir warga. Infrastruktur telekomunikasi sudah mulai menjangkau Melung, tapi jauh dari memadai; untuk tidak bilang memprihatinkan.<br />\r\n<br />\r\nEntah bagaimana, dia pun bertekad memperkenalkan teknologi informasi, termasuk akses Internet, pada warganya. &quot;Saya ingin membawa Internet sampai ke desa ini, apa pun caranya,&quot; Budi mengisahkan tekadnya. Ketika itu dia masih menjabat Kepala Desa (2002-2012), memimpin empat Rukun Warga.<br />\r\n<br />\r\nBermodalkan Rp1,5 juta, yang diambil dari kas desa, Budi lalu menyewa jaringan Telkom Flexi, lengkap dengan koneksi Internetnya. &quot;Tapi, setelah beberapa bulan, koneksinya mengalami kendala. Kecepatannya sangat lambat,&rdquo; kisahnya.<br />\r\n<br />\r\nDi tahun 2009, mereka beralih ke Telkom Speedy.<br />\r\n<br />\r\nNamun, instalasi jaringan Telkom Speedy tak semulus yang dibayangkan. Karena keterbatasan jaringan, koneksinya tidak bisa menjangkau Balai Desa Melung. Lagi-lagi Budi dipaksa memutar otak.<br />\r\n<br />\r\nTak lantas patah arang, dia pun menemukan siasat: menyambung jaringan Speedy terdekat dengan rumahnya, yang berjarak satu kilometer dari Balai Desa.<br />\r\n<br />\r\n&quot;Untuk meneruskan koneksi Internet agar bisa sampai ke Balai Desa, kami mengambil dana lagi dari kas desa sebesar Rp4,5 juta. Dana itu untuk membeli antena pemancar dan penerima. Pemancar dipasang di rumah saya, sedangkan antena penerima di Balai Desa.&quot;<br />\r\n<br />\r\nBudi menjelaskan alat pemancar dan penerima yang dibelinya adalah antena omni. <a href="http://zoyi.files.wordpress.com/2011/08/omni.jpg?w=468">Ini antena nirkabel sederhana, berwujud tiang panjang menyerupai busur panah</a>. Fungsinya pun tak mewah, cuma untuk memperluas area jangkauan sinyal Wi-Fi. Semakin besar volume dBi, maka semakin luas atau jauh pula area yang bisa dijangkau.&nbsp;<br />\r\n<br />\r\nSedikit demi sedikit, jangkauan Internet diperluas.</span></p>\r\n\r\n<p><span itemprop="articleBody">Selain di rumah Budi di Dusun Gerembul Melung dan Balai Desa, antena omni juga dipasangkan di gedung SMP Negri 3 Kedung Banteng. Ini sebagai<em> entry point</em> Internet untuk dua dusun lain, yaitu Gerembul Depok dan Gerembul Kaliputra (Lihat <strong><a href="http://sorot.news.viva.co.id/news/read/428516-infografik--sistem-internet-desa-melung">Infografik: Sistem Internet Desa Melung</a></strong>).<br />\r\n<br />\r\nUntuk satu antena omni, diperlukan biaya Rp1,2 juta. Total, dia merogoh Rp3,6 juta untuk tiga antena. Untuk antena yang menyebar sinyal <em>hotspot</em> di Balai Desa, dibeli seharga Rp475 ribu. &quot;Menggunakan<em> router</em>. Alat ini dipasang di tempat yang tinggi menggunakan pipa, supaya bisa menjangkau seluruh area Balai Desa,&quot; Budi menerangkan.<br />\r\n<br />\r\n<em>Router </em>yang sama dipakai di Gerembul Depok dan Gerembul Kaliputra agar koneksi Wi-Fi merata. Per bulan, Pemerintah Desa Melung menyisihkan Rp219 ribu untuk berlangganan Paket Sosial, paket Internet Telkom Speedy yang paling terjangkau.<br />\r\n<br />\r\nUntuk meringankan beban, biaya pemasangan jaringan ini dibagi dua antara Pemerintah Desa Melung dan SMP Negeri 3 Kedung Banteng.&nbsp;<br />\r\n<br />\r\n&quot;Awalnya, penggunaan Speedy masih dibatasi. Maksimal area <em>hotspot</em> hanya boleh di tiga lokasi, yaitu di rumah saya, Balai Desa, dan gedung SMP Negeri 3 Kedung Banteng,&quot; ujarnya.<br />\r\n<br />\r\nTanpa diduga, antusiasme warga meledak. Perlahan tapi pasti, mulai dari bocah sampai orang tua melahap &quot;makanan baru&quot; bernama Internet itu. Satu demi satu warga mulai berburu PC dan laptop murah, sampai ponsel bekas, supaya bisa menikmati Internet. Bagi yang kurang mampu, dipersilakan menggunakan komputer di Balai Desa. &quot;Ada juga yang mengambil program cicilan,&quot; tutur Budi.<br />\r\n<br />\r\nTak pelak, jumlah <em>netter </em>di Desa Melung terus berkembang. Budi melihat momentum berharga.<br />\r\n<br />\r\nMerogoh kocek pribadi, antena penerima dan pemancar hotspot dia tambah, dari tiga menjadi tujuh unit. Ini membuat jaringan Wi-Fi semakin luas, dan menjangkau hampir seluruh sudut desa.<br />\r\n<br />\r\nHari ini, dari empat Rukun Warga di Desa Melung, tiga di antaranya sudah dijangkau penuh oleh jaringan Wi-Fi, meliputi Gerembul Melung, Gerembul Depok, dan Gerembul Kaliputra. Yang tersisa tinggal Gerembul Salarendeng.<br />\r\n<br />\r\n&quot;Letaknya di tepi, satu kilometer dari Gerembul Salarendeng. Kondisi geografis yang sulit membuat Dusun Salarendeng belum dijangkau Internet. Tapi, ini hanya soal waktu,&quot; ujar Budi optimistis.<br />\r\n<br />\r\n<strong>Open Source</strong><br />\r\n<br />\r\nMemang, Budi mengakui, manfaat ekonomi yang langsung dinikmati warga Melung belum terlihat. Sejauh ini, akses Internet baru memudahkan warga memperoleh dan saling berbagi informasi. Seperti di kota hampir setiap warga Melung memiliki akun Facebook dan Twiter.<br />\r\n<br />\r\nDi tingkat Desa, Budi dkk membuat website <a href="http://melung.desa.id/">www.melung.desa.id</a>. &quot;Di Web ini, pemerintah desa dapat menuliskan seluruh informasi dan kegiatan yang berkaitan dengan Desa Melung,&quot; ujar Margino. Dia adalah administrator website Desa Melung <em>ex officio</em> Kepala Urusan Keuangan Desa Melung.<br />\r\n<br />\r\nMargino membagi pengelolaan sistem teknologi informasi di Melung menjadi dua. Pertama, pengelolaan jaringan Internet menggunakan akses Wi-Fi, termasuk <em>software</em> berbasis<em> open source</em>. Kedua, pengelolaan website Desa Melung.<br />\r\n<br />\r\nDalam mengurus jaringan Internet, Margino tidak sendirian. Dia dibantu oleh teknisi&mdash;juga warga desa setempat--yang bersiaga 24 jam jika terjadi kerusakan. Untuk sistem operasi, Margino memastikan segenap perangkat desa tidak lagi menggunakan Windows, tapi yang berbasis<em> open source.</em><br />\r\n<br />\r\n&quot;Kami memakai Linux, Ubuntu, dan sistem operasi lokal, BlankOn Banyumas, yang memakai Bahasa Jawa Banyumas. Ini diciptakan agar warga yang tidak bisa berbahasa Indonesia tetap bisa membuat berita atau kabar dengan Bahasa Banyumasan untuk di-<em>update</em> ke situs Melung,&quot; Margino menjelaskan kepada <em>VIVAnews.</em><br />\r\n<br />\r\nSelain mudah diaplikasikan dan gratis, menurutnya, penggunaan sistem operasi <em>open source</em> relatif lebih aman dari ancaman virus. Beberapa tahun lalu, Margino mengisahkan, semua perangkat komputer di Balai Desa ngadat karena terinfeksi virus. &quot;Masalah itu teratasi sejak kami menggunakan sistem operasi <em>open source</em>. Lebih aman, murah juga. Kami tak perlu membeli sistem operasi yang mahal, sampai 15 juta rupiah per tahun,&quot; ungkapnya.<br />\r\n<br />\r\nBagaimana dengan pengelolaan website Desa Melung?<br />\r\n<br />\r\nDia menjelaskan, pembagian tugas meliputi berbagai hal terkait pengelolaan data--mulai dari data kependudukan, data potensi sumber daya alam, beragam peristiwa di desa, serta beragam informasi kegiatan desa.<br />\r\n<br />\r\n&quot;Supaya pengunjung website bisa mengetahui potensi Desa Melung seperti pertanian, peternakan, dan seni budaya. Semua ada. Lengkap. Bahkan, kami juga mempunyai daftar warga yang menjadi TKI di luar negeri. Jadi bisa dikontrol, mengantisipasi kalau ada apa-apa,&quot; ucap Margino.<br />\r\n<br />\r\nUntuk dicatat, selama ini Margino mengelola website Desa Melung melalui ponsel pintar di genggaman tangannya.<br />\r\n<br />\r\n<strong>Masa depan Melung</strong><br />\r\n<br />\r\nBelum lama ini Budi lengser. Langkahnya diteruskan oleh penggantinya, Khoerudin.&nbsp;<br />\r\n<br />\r\nKepala Desa yang baru ini bertekad menggenjot akses dan fasilitas Internet di Melung ke tahap selanjutnya. Dalam satu tahun, dia bersiap menggelontorkan dana dari kas desa sebesar Rp78 juta. Porsi terbesarnya, yakni 70 persen, adalah untuk pembangunan infrastruktur.&nbsp;<br />\r\n<br />\r\nMenurut Khoerudin, selama ini tidak ada sepeser pun dana dari Pemerintah Kabupaten, Provinsi, apalagi Pusat yang diteteskan untuk membantu pembangunan infrastruktur Internet di desanya. Melung menjadi &ldquo;Desa-Internet&rdquo; sepenuhnya berkat inisiatif dan dana dari pemerintah desa dan warga setempat.<br />\r\n<br />\r\nIronis.<br />\r\n<br />\r\n&quot;Sejauh ini, keberadaan Internet telah banyak dimanfaatkan oleh warga masyarakat, meski baru sebatas mengenal situs jejaring sosial, seperti Facebook dan Twitter. Tapi beberapa sudah mulai mencari-cari informasi tentang pertanian dan usaha,&quot; ungkap Khoerudin.<br />\r\n<br />\r\nDalam perkembangannya nanti, dia berharap warga mulai memanfaatkan Internet untuk memasarkan produk setempat dan bersiap menyambut era <em>e-commerce</em>.<br />\r\n<br />\r\n<strong>Menginspirasi</strong><br />\r\n<br />\r\nMelung kini menjadi inspirasi sekaligus &quot;sekolah&quot; bagi desa-desa lain, di dalam maupun luar Kabupaten Banyumas (Lihat: <a href="http://sorot.news.viva.co.id/news/read/428521-menembus-jagat-maya-dari-desa"><strong>Menembus Jagat Maya dari Desa</strong></a>).<br />\r\n<br />\r\nBudi menjelaskan program Internet Melung menjadi embrio lahirnya <a href="http://desamembangun.or.id/">Gerakan Desa Membangun</a>. Ini sebuah gerakan yang dilandasi semangat membangun desa dengan berbasiskan Internet dan teknologi informasi, secara mandiri dan swadaya. Gerakan ini mencakupi sejumlah kegiatan mendasar, seperti membangun jaringan Internet, menggunakan sistem <em>open source</em> pada perangkat komputer, serta membuat website gratis. Sejauh ini, sudah sekitar 30 desa yang bergabung dalam gerakan ini.<br />\r\n<br />\r\n&quot;Gerakan Desa Membangun yang dirintis dari Desa Melung terus berkembang. Di wilayah Kabupaten Banyumas saja tercatat lebih dari 28 desa yang terlibat. Gerakan ini juga berkembang pesat di sejumlah daerah lain di Indonesia,&quot; ujar Budi, bangga, sembari berapi-api menekankan bahwa ini gerakan swadaya masyarakat. &quot;Tanpa harus menggunakan anggaran pemerintah yang terkadang hanya berorientasi proyek, sementara program yang dijalankan nyaris tidak ada.&quot;<br />\r\n<br />\r\nHal ini diamini Djadja Achmad Sardjana, pakar teknologi informatika ITB. Dia berpendapat Gerakan Desa Membangun bisa menjadi nafas baru rakyat pedesaan dalam membangun. &quot;Ini gerakan desa membangun, bukan membangun desa,&quot; kata Djadja.<br />\r\n<br />\r\nDia juga mengkonfirmasikan betapa &ldquo;virus Internet&rdquo; telah mulai menyebar dari Melung ke desa-desa lain di luar Banyumas. Salah satunya adalah Desa Mandalamekar di Jatiwaras, Kabupaten Tasikmalaya. &quot;Bahkan, di Mandalamekar, kepala desa di sana sudah membuat program jangka panjang 25 tahun untuk membangun desa,&quot; kata Djadja. (kd)</span></p>\r\n\r\n<p>Sumber : <a href="http://sorot.news.viva.co.id/news/read/428560-melung--kisah-sebuah-desa-internet">http://sorot.news.viva.co.id/news/read/428560-melung--kisah-sebuah-desa-internet</a></p>\r\n', '2015-03-08 23:17:29', '0000-00-00 00:00:00', '2015-03-08 23:17:29', '', 6),
(10, 8, 1, 'Contoh aplikasi study club (forum, ujian online dan download) berbasis web', 'contoh_aplikasi_study_club_(forum,_ujian_online_dan_download)_berbasis_web', 'Contoh aplikasi study club (forum, ujian online dan download) berbasis web', '<p>Setelah sekian lama tidak share contoh program berbasis web, desktop maupun mobile kali ini <a href="http://seputarpemrograman.com/contoh-aplikasi-study-club-forum-ujian-online-dan-download-berbasis-web.html">seputarpemrograman.com</a> akan share lagi contoh program forum, ujian online, download dan post materi berbasis web / website. Program ini dibuat waktu pertama kali mengenal codeingiter, kemungkinan struktur code belum bagus tapi semoga bisa dibuat belajar bagi para pemula. Program ini saya berinam pemorgraman java study club karena pada waktu ituyang terpikirkan adalah membuat web dimana menampung anak &ndash; anak yang ingin belajar java walau aplikasi berbasis PHP. Webiste ini juga bisa disebut study club online yang didalam nya ada post materi, materi apapun yang di post oleh admin, halaman download yaitu digunakan untuk download ebook, contoh program dan lain &ndash; lain, forum disini untuk bertukar informasi antara user satu dengan user yang lainnya, ujian online digunakan untuk mengasah otak kita tentang pemrograman java, pendaftar user melalui email seperti facebook, forgot password. Berikut ini contoh tampilan webistenya :</p>\r\n\r\n<p><img alt="contoh program codeigniter" height="171" src="http://seputarpemrograman.com/assets/tinymce/source/img/contohprogram/php/study-club/contoh%20program%20codeigniter%20materi.png" width="360" /></p>\r\n\r\n<p><img alt="forum berbasis web" height="156" src="http://seputarpemrograman.com/assets/tinymce/source/img/contohprogram/php/study-club/forum%20berbasis%20web.png" width="361" /></p>\r\n\r\n<p><img alt="ujian online berbasis web" height="175" src="http://seputarpemrograman.com/assets/tinymce/source/img/contohprogram/php/study-club/ujian%20online%20berbasis%20web.png" width="361" /></p>\r\n\r\n<p><img alt="aplikasi download" height="172" src="http://seputarpemrograman.com/assets/tinymce/source/img/contohprogram/php/study-club/download%20berbasis%20web.png" width="360" /></p>\r\n\r\n<p>Program diatas bisa di download di <a href="https://www.dropbox.com/s/5uehr8pk2m9zkjc/PJSC.rar?dl=0"><strong>contoh program study club</strong></a></p>\r\n\r\n<p>untuk password user <a href="mailto:admin@yahoo.com">admin@yahoo.com</a> / admin</p>\r\n\r\n<div class="clrb spac15bot">Sumber : http://seputarpemrograman.com/contoh-aplikasi-study-club-forum-ujian-online-dan-download-berbasis-web.html</div>\r\n\r\n<div class="sharesocial">\r\n<div class="fb-like fb_iframe_widget" data-action="like" data-href="http://seputarpemrograman.com/contoh-aplikasi-study-club-forum-ujian-online-dan-download-berbasis-web.html" data-layout="button_count" data-share="true" data-show-faces="false">&nbsp;</div>\r\n\r\n<div id="___plus_0" style="text-indent: 0px; margin: 0px; padding: 0px; background: none repeat scroll 0% 0% transparent; border-style: none; float: none; line-height: normal; font-size: 1px; vertical-align: baseline; display: inline-block; width: 96px; height: 20px;">&nbsp;</div>\r\n</div>\r\n\r\n<p>&nbsp;</p>\r\n', '2015-03-09 07:22:12', '0000-00-00 00:00:00', '2015-03-09 07:22:12', '', 2),
(11, 8, 1, 'Contoh Blog Sederhana Dibangun Menggunakan Bahasa Pemrograman PHP', 'contoh_blog_sederhana_dibangun_menggunakan_bahasa_pemrograman_php', 'Contoh Blog Sederhana Dibangun Menggunakan Bahasa Pemrograman PHP', '<p>Apa itu blog, blog adalah website yang berisi informasi yang diupdate secara berkalan, biasanya berbentuk artikel, berita, tutorial maupun tulisan pribadi sipenulis. Blog sendiri singkatan dari web log. Ciri dari blog adalah tulisan atau informasi yang mempunyai beberapa kategori, adanya interaksi antara penulis atau moderator blog dengan si pembaca, interaksi bisa berupa kolom komentar, guestbook, chat maupun email. Blog dibagi menjadi beberpa jenis seperti blog politik, blog pribadi, blog bertopik, blog kesehatan, blog sastra, blog perjalanan, blog mode, blog riset, blog hukum, blog media, blog agama, blog pendidikan, blog kebersamaan, blog petunjuk (<em>directory</em>), blog bisnis, blog pengejawantahan, blog pengganggu (<em>spam</em>), blog virus (<em>virus</em>).</p>\r\n\r\n<p><a href="http://seputarpemrograman.com/" target="_blank">Seputar pemrograman</a> kali ini akan share contoh blog sederhana, sebenarnya ini adalah lanjutan dari contoh<a href="http://seputarpemrograman.com/contoh-program-cms-content-management-system-sederhana-dibuat-dengan-php.html" target="_blank"><strong> cms php</strong> </a>yang di share sebelumnya, yang dibuat oleh Ahmad Rizal Afani. Di contoh blog ini adalah blog yang berisi artikel / post dan kategori. Kita bisa manggabungkan dengan cms php di tutorial sebelumnya. Berikut ini tampilan blog nya.</p>\r\n\r\n<p><img alt="contoh blog php" height="217" src="http://seputarpemrograman.com/assets/tinymce/source/img/contohprogram/php/blogphp/blog-sederhana-php.jpg" width="385" /></p>\r\n\r\n<p>Itu adalah contoh blog sederhana yang kali ini kita share, semoga dapat membantu temen temen yang lagi belajar php. Jika ada request dan kami ada stok bisa request di grup facebook namanya <strong>SEPUTARPEMROGRAMAN.COM, </strong>untuk download <a href="https://www.dropbox.com/s/e34xv7c7uo9uhf0/blog-php-master.zip?dl=1" rel="nofollow" target="_blank">blog php</a>.</p>\r\n\r\n<p>Dibuat Oleh :&nbsp;&nbsp;<strong>Ahmad Rizal Afan</strong><br />\r\nBlog :&nbsp;<a href="http://calonpresident.blogspot.com/" rel="nofollow" target="_blank"><strong>calonpresident.blogspot.com</strong></a></p>\r\n\r\n<div class="clrb spac15bot">&nbsp;</div>\r\n', '2015-03-09 07:23:51', '0000-00-00 00:00:00', '2015-03-09 07:23:51', '', 1),
(12, 8, 1, 'Contoh Create Read Update Delete ( CRUD ) Menggunakan PHP, Jquery Ajax dan Twitter Bootstrap', 'contoh_create_read_update_delete_(_crud_)_menggunakan_php,_jquery_ajax_dan_twitter_bootstrap', 'Contoh Create Read Update Delete ( CRUD ) Menggunakan PHP, Jquery Ajax dan Twitter Bootstrap', '<p>Sebelum saya memperlihatkan tampilan program crud gratis ini. Sedikit akan saya bahas apa yang dipakai dalam program ini. Program crud ini menggunakan bahasa pemrograman php serta menggunakan jquery ajax agar program tidak terlalu berat ketika load halaman, hanya yang diperlukan saja dan menjadi semakin interaktif bagi pengguna. Didalam program crud ini menggunakan method <strong>$.post</strong> bukan <strong>$.ajax</strong>, pertanyaannya apakah berbeda diantara kedua itu. Iya berbeda dari struktur atau codenya, tapi kalau fungsinya sama saja karena sebenarnya $.post adalah cara singkat menggunakan $.ajax. Kalau kita menggunakan $.ajax kita bisa menginisialisasi menggunakan method POST atau GET. Berikut ini adalah tampilan crud sederhana jquery ajax.</p>\r\n\r\n<p><img alt="crud php jquery ajax twitter boostrap" height="61" src="http://seputarpemrograman.com/assets/tinymce/source/img/contohprogram/php/crudphpjqueryajax/crud-jquery-ajax-twitter-boostrap-php.jpg" width="354" /></p>\r\n\r\n<p><img alt="crud jquery ajax twitter boostrap php" height="174" src="http://seputarpemrograman.com/assets/tinymce/source/img/contohprogram/php/crudphpjqueryajax/form-crud-jquery-ajax-twitter-boostrap-php.jpg" width="354" /></p>\r\n\r\n<p>Untuk download contoh program crud anda bisa ke website sipembuat atau <strong><a href="https://www.dropbox.com/s/o6xrsac9hnbo14x/crud-php-jquery-bootstrap.zip?dl=1" rel="nofollow" target="_blank">download</a>.</strong></p>\r\n\r\n<p>Dibuat Oleh : Ari Effendi</p>\r\n\r\n<p>Blog :&nbsp;<a href="http://arifnd.wordpress.com/" rel="nofollow" target="_blank">http://arifnd.wordpress.com</a></p>\r\n\r\n<p>&nbsp;</p>\r\n', '2015-03-09 07:25:24', '0000-00-00 00:00:00', '2015-03-09 07:25:24', '', 0),
(13, 7, 4, 'Program Penjualan dengan Metode Apriori Berbasis Java', 'program_penjualan_dengan_metode_apriori_berbasis_java', 'Program Penjualan dengan Metode Apriori Berbasis Java', '<p><strong>Program Penjualan dengan Metode Apriori Berbasis Java</strong>&nbsp;ini dibuat oleh panji nasution. Program penjualan yang dilengkapi algoritma apriori ini dapat digunakan untuk menganalisa penjualan barang yang telah dibeli oleh konsumen yang menghasilkan keterkaitan antara barang satu dengan barang lainnya. Algoritma Apriori sendiri adalah&nbsp;jenis aturan asosiasi pada data mining dan&nbsp;algoritma ini terkenal untuk menemukan pola frekuensi tinggi. Kembali pada program yang telah dibuat mas panji. Program ini mempunyai beberapa fasilitas :</p>\r\n\r\n<ol>\r\n	<li>File</li>\r\n	<li>Menu</li>\r\n	<li>Transaksi</li>\r\n	<li>Pembayaran</li>\r\n	<li>Analisi keranjang / penjualan menggunakan metode apriori dan lain lain.</li>\r\n</ol>\r\n\r\n<p><img alt="" height="169" src="http://seputarpemrograman.com/assets/tinymce/source/img/contohprogram/java/penggunaan-algoritma-apriori-java.png" width="304" /></p>\r\n\r\n<p><img alt="" height="175" src="http://seputarpemrograman.com/assets/tinymce/source/img/contohprogram/java/program-sederhana-apriori-java.png" width="302" /></p>\r\n\r\n<p>Untuk mengunduhnya&nbsp;<strong><a href="https://www.dropbox.com/s/gt7rl711r7b9gj3/AnalisisKeranjangPasar.rar" rel="nofollow" target="_blank">source code</a></strong></p>\r\n\r\n<div class="post-body entry-content" id="post-body-3390416955060426829"><br />\r\nDibuat Oleh : Panji nasution<br />\r\nBlog :&nbsp;<a href="http://baliona.com%20/" rel="nofollow" target="_blank">http://baliona.com<br />\r\n<br />\r\nsumber : seputarpemrograman.com</a><br />\r\n&nbsp;</div>\r\n', '2015-03-09 07:29:48', '0000-00-00 00:00:00', '2015-03-09 07:29:48', '', 0),
(14, 7, 4, 'Contoh Program Perpustakaan Java Menggunakan Konsep MVC', 'contoh_program_perpustakaan_java_menggunakan_konsep_mvc', 'Contoh Program Perpustakaan Java Menggunakan Konsep MVC', '<p>Perpustakaan adalah tempat koleksi buku &ndash; buku , majalah, komik dan lain lain. Di perpustakaan kita bisa membaca buku ditempat atau tempat yang telah disediakan atau kita bisa juga memimjam untuk dibawa pulang. Untuk meminjam kita biasanya harus tedaftar menjadi anggota, dari pendaftaran menjadi anggota kita akan diberi kartu tanda pengenal anggota perpustakaan. Ini agar ketika buku hilang atau belum dikembalikan pada jangka waktu tertentu pihak perpustakaan bisa menghubungi si peminjam buku itu.</p>\r\n\r\n<p>Disini saya tidak akan banyak mengulas tentang perpustakaan tapi disini saya akan share <strong>aplikasi perpusatkaan</strong> dengan konsep mvc (model view controller) menggunakan <strong>bahasa pemrograman java. </strong>Aplikasi perpustakaan yang akan saya share ini dibuat oleh Muhamad Nur, Dosen dan Peneliti. Saat ini aktif mengajar di STMIK Banisaleh Bekasi. Aplikasi ini dibangun menggunakan konsep mvc diharapkan agar kedepa mudah dalam maintenance. Dan saat ini pula banyak aplikasi yang memang sudah menggunakan konsep mvc ini dan mulai meninggakan konsep spageti.</p>\r\n\r\n<p>Aplikasi perpustakaan ini dibangun menggunakan &nbsp;IDE Netbeans versi 6.9.1 dan untuk laporan menggunakan jasper report versi 4.0.0. aplikasi ini akan otomatis menggenerate seluruh table, view dan procedure yang akan digunakan pada project dengan menjalankan sqldump. Dan untuk fitur atau fasilitas yang diberikan aplikasi ini adalah berikut :</p>\r\n\r\n<ol>\r\n	<li>Splash screen</li>\r\n	<li>Login Aplikasi</li>\r\n	<li>Halaman utaman / menu utama</li>\r\n	<li>Create, read, insert, update dan delete buku</li>\r\n	<li>Create, read, insert, update dan delete anggota</li>\r\n	<li>Create, read, insert, update dan delete user</li>\r\n	<li>Form pencarian buku, anggota, user dan peminjaman</li>\r\n	<li>Form peminjaman</li>\r\n	<li>Laporan peminjaman</li>\r\n	<li>Print peminjaman</li>\r\n	<li>Hak Akses user</li>\r\n	<li>Dan masih banyak yang lainnya.</li>\r\n</ol>\r\n\r\n<p>Ini adalah sekilas tampilan aplikasi perpustakaan java dengan konsep mvc.</p>\r\n\r\n<p>&nbsp;<img alt="sistem informasi perpustakaan java" height="252" src="http://seputarpemrograman.com/assets/tinymce/source/img/contohprogram/java/sistem-informasi-perpustakaan-java.png" width="336" /></p>\r\n\r\n<p><img alt="daftar buku perpustakaan java" height="241" src="http://seputarpemrograman.com/assets/tinymce/source/img/contohprogram/java/view-buku-perpustakaan-java.png" width="340" /></p>\r\n\r\n<p><img alt="form buku perpustakaan java" height="239" src="http://seputarpemrograman.com/assets/tinymce/source/img/contohprogram/java/buku-atribut-perpustakaan-java.png" width="337" /></p>\r\n\r\n<p>Untuk mendapatkan source code program perpustakaan ini, silahkan download<strong> <a href="https://www.dropbox.com/s/3jx2gnobmb6w446/systemperpustakaan.zip?dl=0" target="_blank">program perpustakaan</a></strong></p>\r\n\r\n<p>Dibuat Oleh : Muhamad Nur</p>\r\n\r\n<p>Blog :&nbsp;<a href="http://muhammadnur.net/" rel="nofollow" target="_blank">http://muhammadnur.net/</a><br />\r\n<br />\r\nSumber : seputarpemrograman.com</p>\r\n\r\n<p><br />\r\n&nbsp;</p>\r\n', '2015-03-09 07:31:49', '2015-03-09 07:34:26', '2015-03-09 07:31:49', '', 1);
INSERT INTO `rpl_thread` (`id_thread`, `category_id`, `user_id`, `title`, `url_title`, `desc_title`, `content`, `date_add`, `date_edit`, `date_last_post`, `image`, `counter`) VALUES
(15, 8, 4, 'Membuat Sistem Informasi Bimbingan Konseling dengan PHP dan MySQL', 'membuat_sistem_informasi_bimbingan_konseling_dengan_php_dan_mysql', 'Membuat Sistem Informasi Bimbingan Konseling dengan PHP dan MySQL', '<p><a href="https://ri32.files.wordpress.com/2009/03/sibiling-ri32.png"><img alt="SIBILING :: Sistem Informasi Bimbingan Konseling" class="aligncenter wp-image-7371 size-medium" height="300" src="https://ri32.files.wordpress.com/2009/03/sibiling-ri32.png?w=256&amp;h=300" width="256" /></a></p>\r\n\r\n<p><strong>Latar Belakang</strong></p>\r\n\r\n<p>Sistem Informasi Bimbingan Konseling (SIBILING) adalah sebuah sistem berbasis website yang menampilkan informasi mengenai pelanggaran siswa di sekolah serta informasi penanganan&nbsp;yang diberikan oleh guru pembimbing.</p>\r\n\r\n<p>Tugas utama dari seorang guru pembimbing (Guru BP/BK) adalah memberikan konsultasi dan bimbingan kepada seluruh siswa didiknya. namun ada kalanya siswa melakukan pelanggaran disekolah.&nbsp;Sistem ini membantu mengkoordinasikan antara pihak sekolah, guru/walikelas, dan orangtua jika terjadi pelanggaran yang dilakukan oleh siswa di sekolah.</p>\r\n\r\n<p><strong>Gambaran Sistem</strong></p>\r\n\r\n<ol>\r\n	<li>Admin mengelola sistem seperti data induk (guru pembimbing, siswa, dan orangtua)</li>\r\n	<li>Admin mengelola setup sistem seperti (setup jenis pelanggaran, jenis sanksi)</li>\r\n	<li>Admin dapat melihat dashboard, serta laporan rinci dari data bimbingan siswa</li>\r\n	<li>Guru dapat menentukan siswa yang dibimbing</li>\r\n	<li>Guru dapat menginput data pelanggaran siswa serta &lsquo;sanksi&rsquo; yang diberikan</li>\r\n	<li>Guru dapat melihat dashboard, serta rincian dari data siswa yang dibimbingnya</li>\r\n	<li>Orangtua dapat melihat informasi jika ada pelanggaran yang dilakukan oleh anaknya di sekolah</li>\r\n</ol>\r\n\r\n<div class="wp-caption aligncenter" id="attachment_7375" style="width: 310px"><a href="https://ri32.files.wordpress.com/2014/11/tampilan-halaman-admin.png"><img alt="Tampilan Halaman Admin" class="size-medium wp-image-7375" height="148" src="https://ri32.files.wordpress.com/2014/11/tampilan-halaman-admin.png?w=300&amp;h=148" width="300" /></a>\r\n\r\n<p class="wp-caption-text">Tampilan Halaman Admin</p>\r\n</div>\r\n\r\n<div class="wp-caption aligncenter" id="attachment_7377" style="width: 310px"><a href="https://ri32.files.wordpress.com/2014/11/tampilan-halaman-guru.png"><img alt="Tampilan Halaman Guru" class="size-medium wp-image-7377" height="149" src="https://ri32.files.wordpress.com/2014/11/tampilan-halaman-guru.png?w=300&amp;h=149" width="300" /></a>\r\n\r\n<p class="wp-caption-text">Tampilan Halaman Guru</p>\r\n</div>\r\n\r\n<div class="wp-caption aligncenter" id="attachment_7378" style="width: 310px"><a href="https://ri32.files.wordpress.com/2014/11/tampilan-halaman-guru-siswa-bimbingan.png"><img alt="Tampilan Siswa Bimbingan" class="size-medium wp-image-7378" height="149" src="https://ri32.files.wordpress.com/2014/11/tampilan-halaman-guru-siswa-bimbingan.png?w=300&amp;h=149" width="300" /></a>\r\n\r\n<p class="wp-caption-text">Tampilan Siswa Bimbingan</p>\r\n</div>\r\n\r\n<div class="wp-caption aligncenter" id="attachment_7379" style="width: 310px"><a href="https://ri32.files.wordpress.com/2014/11/tampilan-halaman-guru-siswa-pelanggaran.png"><img alt="tampilan-halaman-guru-siswa-pelanggaran" class="wp-image-7379 size-medium" height="146" src="https://ri32.files.wordpress.com/2014/11/tampilan-halaman-guru-siswa-pelanggaran.png?w=300&amp;h=146" width="300" /></a>\r\n\r\n<p class="wp-caption-text">Tampilan Input Pelanggaran</p>\r\n</div>\r\n\r\n<div class="wp-caption aligncenter" id="attachment_7380" style="width: 310px"><a href="https://ri32.files.wordpress.com/2014/11/cetak-laporan-pelanggaran.png"><img alt="Cetak Laporan Pelanggaran" class="size-medium wp-image-7380" height="208" src="https://ri32.files.wordpress.com/2014/11/cetak-laporan-pelanggaran.png?w=300&amp;h=208" width="300" /></a>\r\n\r\n<p class="wp-caption-text">Cetak Laporan Pelanggaran</p>\r\n</div>\r\n\r\n<div class="wp-caption aligncenter" id="attachment_7381" style="width: 310px"><a href="https://ri32.files.wordpress.com/2014/11/struktur-database-sibiling.png"><img alt="Struktur Tabel Database " class="size-medium wp-image-7381" height="133" src="https://ri32.files.wordpress.com/2014/11/struktur-database-sibiling.png?w=300&amp;h=133" width="300" /></a>\r\n\r\n<p class="wp-caption-text">Struktur Tabel Database</p>\r\n</div>\r\n\r\n<p><strong>Free Download</strong></p>\r\n\r\n<p><a href="http://www.4shared.com/zip/1CKqQ2lDce/SIBILING_Free_Download.html" target="_blank">http://www.4shared.com/zip/1CKqQ2lDce/SIBILING_Free_Download.html</a></p>\r\n\r\n<p><strong>Limitation Free Download</strong></p>\r\n\r\n<ol>\r\n	<li>Menu Data induk : hanya bisa view dan insert</li>\r\n	<li>Menu Setup : hanya bisa view dan insert</li>\r\n	<li>Menu Setup : tidak ada fitur jenis pelanggaran</li>\r\n	<li>Menu Setup : tidak ada fitur&nbsp;jenis sanksi</li>\r\n	<li>Menu Setup : tidak ada fitur setup sistem</li>\r\n	<li>Menu Setup : tidak ada fitur setup kontak &amp; logo sekolah</li>\r\n	<li>Menu Laporan : tidak ada laporan guru pembimbing</li>\r\n	<li>Menu Laporan : tidak ada laporan&nbsp;pelanggaran siswa</li>\r\n	<li>Menu Laporan : tidak ada laporan&nbsp;detail pelanggaran siswa</li>\r\n	<li>Tidak ada export data induk</li>\r\n	<li>Tidak ada fitur cetak pelanggaran</li>\r\n	<li>Tidak ada fitur detail pelanggaran siswa</li>\r\n	<li>Tidak ada Setting akun untuk ganti username &amp; password</li>\r\n	<li>Enkripsi file seperti : data_pelanggaran_*.php, user_table_*.php,&nbsp;&nbsp;user_statistik_*.php</li>\r\n</ol>\r\n\r\n<p style="text-align:left;"><strong>Live Demo&nbsp;SIBILING&nbsp;Full Version</strong></p>\r\n\r\n<p><a href="http://kangagus.com/sibiling" target="_blank">http://kangagus.com/sibiling</a></p>\r\n\r\n<p><strong>Login Live Demo</strong></p>\r\n\r\n<ul>\r\n	<li>Admin &nbsp;(Username dan Password =&nbsp;<strong>agus</strong>)</li>\r\n	<li>Guru / Dosen &nbsp;(Username dan Password = <strong>budi</strong>)&nbsp;</li>\r\n	<li>Siswa / Mahasiswa &nbsp;(Username dan Password = <strong>adi</strong>)</li>\r\n	<li>Orangtua &nbsp;(Username dan Password =&nbsp;<strong>lukman</strong>)</li>\r\n</ul>\r\n\r\n<p>sumber :&nbsp;https://ri32.wordpress.com/category/belajar/belajar-php/</p>\r\n', '2015-03-09 07:40:12', '0000-00-00 00:00:00', '2015-03-09 07:40:12', '', 1),
(16, 1, 4, 'Gelandangan Jadi Programmer', 'gelandangan_jadi_programmer', 'Gelandangan Jadi Programmer', '<p><img height="321" src="http://www.andriewongso.com/files/uploads/articles/Gelandangan%20Jadi%20Programmer%20_2014-01-09%2015:02:14_Leo.jpg" width="640" /></p>\r\n\r\n<div class="article-author">Oleh Tim AndrieWongso</div>\r\n\r\n<div id="content">\r\n<p><strong>Leo Grand, 37 tahun, memang bukanlah pengemis seperti di Indonesia, tetapi sejak tahun 2011 hidupnya di jalanan setelah ia kehilangan pekerjaan. Sejak saat itu hidupnya ditopang dari pemberian orang.</strong><br />\r\n<br />\r\nPada Agustus 2013 lalu ia bertemu seorang pemuda bernama Patrick McConlogue. Pemuda berusia 23 tahun itu ternyata seorang <em>programmer</em>. Begitu melihat Grand, McConlogue terpikirkan memberi bantuan. &ldquo;Anda mau saya beri uang US$100 atau besok pagi saya datang lagi memberi Anda buku-buku Java-Script dan laptop bekas untuk belajar <em>coding </em>(program komputer)?&rdquo; tanya McConlogue. Saat itu yang ada dalam pikiran Grand adalah dengan uang US$100 ia bisa hidup beberapa hari saja, tapi dengan memiliki keterampilan <em>coding</em> ia mungkin bisa mendapat penghasilan lebih baik. Maka, meski merasa aneh Grand memilih yang kedua. Setelah itu setiap hari satu jam sebelum bekerja McConlogue mengajari Grand tentang <em>coding</em>. Sampai akhirnya Grand bisa membuat aplikasi.<br />\r\n<br />\r\nApa yang dilakukan Grand setelah memiliki pengetahuan <em>coding</em> itu? Dengan laptop bekasnya ia kemudian mencoba membuat sebuah aplikasi komputer untuk perangkat <em>mobile</em>. Ternyata ia berhasil membuat sebuah program yang kini dijual di <em>Apple</em> dan <em>Android app stores</em>, dengan nama <em>Trees for Cars</em> yaitu program nebeng ke mobil orang berdasarkan komunitas.<br />\r\n<br />\r\n<img alt="" src="http://www.andriewongso.com/admin/kcfinder/upload/images/images/Patrick-Leo.jpg" style="width: 250px; height: 250px; margin-left: 4px; margin-right: 4px; float: right;" />Gambarannya seperti ini. Seorang pengendara menentukan titik pertemuan yang dikehendakinya. <em>Trees for Cars </em>akan menyarankan pada para penggunanya titik pertemuan tersebut. Kemudian antara pemilik mobil dan yang akan nebeng saling terhubung. Mereka yang bersepakat yang akan ikut mobil tersebut. Aplikasi itu juga menghitung berapa banyak gas CO2 yang terselamatkan jika sekian banyak orang memilih nebeng mobil orang lain ketimbang membawa kendaraan sendiri.<br />\r\n<br />\r\nMeski belum jelas sejauh mana keberhasilan program tersebut dan sejauh mana lakunya, apa yang dicapai Leo Grand menunjukkan bahwa jika mau dan tekun bahkan seorang gelandangan pun bisa belajar <em>coding</em> hingga menjadi <em>programmer</em>. Ia sekarang sedang membuat aplikasi kedua. Selain itu ia akan segera mencari pekerjaan sebagai <em>programmer</em>.<br />\r\n<br />\r\nSementara McConlogue sendiri kebanjiran pekerjaan. Ada ratusan orang yang mendaftar ingin jadi muridnya karena menganggap ia cukup cerdas sebagai mentor.</p>\r\n</div>\r\n\r\n<p><br />\r\nsumber : http://www.andriewongso.com/articles/details/12536/Gelandangan-Jadi-Programmer-</p>\r\n\r\n<p>&nbsp;\r\n<div style="position: absolute; left: -5000px;"><input name="b_2b6b59a81277d75b879a17196_15a2554ef0" tabindex="-1" type="text" value="" /></div>\r\n</p>\r\n\r\n<div style="left: -99999px; position: absolute;">Di Tech in Asia, kami merasa sangat beruntung mendapat kesempatan untuk mewawancarai banyak CEO dan founder startup di Asia dan menyuguhkannya kepada Anda sebagai inspirasi. Dalam rangka menyambut Hari Raya Kemerdekaan Indonesia yang jatuh pada tanggal 17 Agustus nanti, kali ini kami mengumpulkan 12 cerita founder startup Indonesia yang bisa Anda jadikan inspirasi: 1. Juny &ldquo;Acong&rdquo; Maimun &ndash; founder Indowebster Juny-Acong-Maimun Pada akhir 1990-an, Acong sudah membuat reputasinya sendiri saat berkuliah di Stamford College di Malaysia sebagai hacker muda pemberani dari Riau yang bisa meretas sistem siapapun, meminjam sumber coding website mereka, dan mengubahnya menjadi &ldquo;sesuatu yang lebih menyenangkan&rdquo;. Pada tahun 2002, Acong putus kuliah setelah mengunjungi Jakarta selama akhir semester dan membuka warnet hybrid pertama yang beroperasi 24 jam di Jakarta, yang kemudian ia beri nama AMPM. Tak lama setelah itu, ia mendirikan Indowebster, website file hosting multimedia asal Indonesia yang terkenal di dunia. Acong mengatakan: Saran terbaik saya: bertahan hidup! Jika Anda terus bertahan untuk beberapa tahun pertama, maka Anda dapat beradaptasi dengan pasar dan menemukan model yang baik untuk Anda. 2. Andry Suhaili &ndash; founder dan CEO PriceArea Andry-Suhaili-price-area-founder Perjalanan Andry dimulai di Pulau Bangka. Saat tengah duduk di bangku SD, ia pindah ke Jakarta untuk mengejar pendidikan yang lebih baik. Ia meneruskan SMP dan SMA-nya di Singapura, dan kemudian mengambil gelar sarjana di Los Angeles, Amerika Serikat. Andry sendiri sudah menjadi entrepreneur selama 10 tahun, dan meskipun beberapa kali gagal di perusahaan-perusahaan sebelumnya, ia tetap kembali membangun perusahaan berikutnya. Andry mengatakan: Saya selalu ingin menjadi kaya dan sukses. Untuk itu, saya perlu menjadi seorang entrepreneur. [&hellip;] Setelah saya kembali dari Amerika Serikat, saya membuat bisnis pertama di sebuah garasi dengan dua pegawai magang sebagai pegawai saya. Setelah bereksperimen dengan beberapa usaha bisnis, ia membangun PriceArea pada tahun 2008 untuk membantu memungkinkan orang menemukan penawaran terbaru secara online. 3. Natali Ardianto &ndash; co-founder dan CTO Tiket.com Natal ardianto-Tiket Pada tahun 2008, satu tahun setelah Natali lulus dari program teknologi informasi Universitas Indonesia, ia bersama rekan-rekannya mendirikan Urbanesia, salah satu direktori online lifestyle pertama di Jakarta. Dua tahun setelah diluncurkan, ia memutuskan untuk meninggalkan Urbanesia dan mendirikan Golfnesia yang juga ia tinggalkan karena sulit berkembang. Pada tahun 2011, Natali Ardianto mendirikan Tiket.com, yang kini menjadi jawara di sektor booking online untuk travel, event, dan perhotelan di Indonesia. Startup perlu memahami pentingnya pemasaran. Anda mungkin memiliki produk yang benar-benar buruk, tapi tetap saja, jika Anda memiliki tim pemasaran yang baik, Anda bisa sukses. 4. Achmad Zaky &ndash; co-founder dan CEO BukaLapak achmad-zaky Lahir di Sragen, Jawa Tengah, Achmad Zaky tumbuh dengan keinginan memiliki pekerjaan yang baik dengan gaji yang besar. Namun, ketika ia menempuh kuliah di ITB dan merasakan semangat entrepreneurship yang kental, ia ingin menjalankan bisnis sendiri. Pernah gagal dengan bisnis mie, Zaky kini menjalankan Bukalapak, salah satu website marketplace terbesar di Indonesia. Zaky mendorong semua anak muda untuk mulai membangun startup mereka sesegera mungkin. Karena jika Anda bertambah tua dan sudah menikah serta memiliki anak, Anda cenderung memiliki lebih banyak pertimbangan dan lebih konservatif. [ &hellip; ] Jika saya harus membangun startup saya sekarang dengan modal nol, saya mungkin tidak mau [mengambil risiko] karena saya memiliki istri dan seorang anak perempuan. 5. Jason Lamuda &ndash; co-founder Disdus jason-lamuda- Selama menempuh perkuliahan di Amerika Serikat, Jason Lamuda kagum bagaimana teknologi bisa mengubah tatanan hidup masyarakat. Dari situlah ia menumbuhkan antusiasme untuk mendirikan perusahaan teknologinya sendiri. Ia menyelesaikan kuliah S2 jurusan teknik finansial di Columbia University tahun 2008, dan mendapat dua tawaran pekerjaan: satu di Wall Street di Amerika Serikat, dan satu lagi di McKinsey di Indonesia. Yakin bahwa peluang untuk menjadi entrepreneur di negara asalnya jauh lebih besar, ia akhirnya memilih kembali ke Indonesia. Selalu ada celah untuk mengincar pasar dan orang yang berbeda bahkan jika Anda membuat produk yang mirip [dengan yang sudah ada]. Bahkan bisnis seperti menjual kopi juga bisa sukses. Di luar sana pastinya ada kesempatan dan Anda bisa sukses di industri Anda. Tingkat kesuksesan Anda mungkin tidak akan sebesar website e-commerce seperti Amazon yang menjual segala hal, tapi Anda masih bisa menghasilkan uang [dari bisnis Anda]. Jason merupakan salah satu co-founder website daily deal Disdus, yang diakuisisi oleh Groupon di tahun 2011, dan website e-commerce fashion wanita BerryBenka yang berhasil memperoleh investasi seri B akhir tahun lalu. (Baca juga: 8 anak bangsa berprestasi pada bidang teknologi di kancah internasional) 6. Adi Kusma &ndash; founder Biznet Adi_Kusma Pada saat Adi Kusma masih bekerja sebagai programmer di Amerika Serikat, ia mengambil kursus tambahan dari Microsoft sembari berkonsultasi dengan para pelaku ISP di sana untuk mempelajari industri tersebut secara detail. Di samping bekerja sebagai programmer full-time, Adi juga bereksperimen dengan &ldquo;laboratorium ISP&rdquo; pribadi di rumahnya. Ketika yakin bahwa ia telah mampu menerapkan teknologi tersebut di Indonesia, barulah ia kembali ke Indonesia dan mendirikan Biznet Networks. [Mendirikan startup] seperti menjual nasi goreng. Jika Anda membuka gerai Anda hari ini, sudah pasti akan ada pembeli yang membeli makanan Anda saat itu juga. Jika Anda memiliki produk yang cocok dengan keinginan pasar, maka Anda akan memiliki pembeli. 7. Andy Sjarif &ndash; founder SITTI andy sjarif Perjalanan Andy sebagai entrepreneur dimulai pada 1997 ketika ia masih berada di Amerika Serikat. Perusahaan pertamanya adalah perusahaan konsultan analitik CRM yang membantu perusahaan dengan segmentasi dan analisis database pelanggan. Meski startup tersebut akhirnya gagal, Andy mendapatkan banyak pengalaman dan pelajaran yang akhirnya menginspirasinya untuk mendirikan SITTI, jaringan iklan intuitif, menyajikan berbagai iklan yang relevan dengan situs dan melakukan pencarian berdasarkan kata kunci yang digunakan; singkat kata, ini merupakan sebuah Google Adsense yang disajikan dalam Bahasa Indonesia. Startup teknologi di Indonesia harus berhenti berpikir untuk menjadi seperti Sillicon Valley (SV). Jika berbicara mengenai SV, kita berbicara mengenai ide-ide terobosan baru, teknologi yang disruptif. Saya sudah cukup mempelajari bahwa teknologi, bagi kita di Indonesia, adalah mengenai kelanjutan dan dampak. Jadi pertanyaannya bukan bagaimana caranya membangun teknologi yang paling canggih, melainkan bagaimana teknologi dalam menciptakan dampak bagi masyarakat dan negara kita. 8. Aulia &ldquo;Ollie&rdquo; Halimatussaidah &ndash; co-founder NulisBuku aulia-halimatussaidah-nulisbuku Ollie yang merupakan seorang pecinta teknologi sudah berkeinginan membuat website terbaik sejak SMA. Karena itu, ia mengambil jurusan TI di universitas dan bekerja sebagai web developer setelah lulus. Minatnya dalam membaca dan menulis serta terinspirasi dari pengalaman akan sulitnya menerbitkan buku, Ollie beserta rekan-rekannya mendirikan NulisBuku, platform self-publishing online pertama di Indonesia yang membantu para penulis untuk mencetak dan menerbitkan sendiri buku mereka. Terlepas dari jenis kelamin, semua orang bisa bekerja di dunia teknologi dan startup. Yang penting adalah keterbukaan untuk berkolaborasi dan keinginan untuk berinovasi &ndash; keduanya adalah kunci sukses di dunia startup. Dengan kolaborasi, seseorang bisa membuka kemungkinan yang tak terbatas yang akan membantu startup untuk tumbuh. 9. Danny Wirianto &ndash; co-founder dan CEO MindTalk semutapi-colony-danny-wirianto Danny Wirianto menempuh pendidikan tinggi di Amerika Serikat dengan mengambil jurusan seni rupa. Ia pernah direkrut menjadi direktur seni di Adobe karena keahliannya dalam Photoshop dan membuat website. Dari seni rupa, ia bekerja di industri periklanan, dan ini membuatnya membangun agen periklanan sendiri bernama SemutApi Colony di tahun 2001 di negeri paman sam. Danny yang berusia 39 tahun sekarang fokus ke startup terbarunya, yang ia yakini akan menjadi startup yang diperhatikan di Asia, yaitu platform minat sosial bernama MindTalk. 10. Kevin Mintaraga &ndash; founder Magnivate Group kevin mintaraga Terinspirasi oleh buku Blue Ocean Strategy, Kevin tertarik dalam bidang pemasaran dan melihat peluang yang ada di ranah ini. Setelah melakukan riset dan bertanya pada beberapa ahli, Kevin mendirikan Magnivate Group, sebuah digital agency di Indonesia yang didirikan pada 2008 dan diakuisisi oleh WPP pada tahun 2012 dan kini berganti nama menjadi XM Gravity. WPP sendiri merupakan perusahaan periklanan dan digital marketing terbesar di dunia. Pengusaha yang sukses adalah mereka yang dapat membuat perbedaan dalam hidup orang lain. Selalu melayani orang lain, terdepan dalam setiap pertempuran, dan tidak hanya berada di belakang orang lain untuk mengarahkan mereka berbuat ini dan itu. Hanya dengan pemahaman inilah Anda dapat membangun tim yang bisa berjalan beriringan dengan Anda ketika sedang melewati masa-masa sulit. 11. Joseph Edi Lumban Gaol &ndash; founder M-Stars Group Joseph m-stars Joseph memulai karirnya dalam industri mobile pada tahun 1997 di perusahaan telekomunikasi XL Axiata. Di sana, karirnya menanjak hingga ia menduduki jabatan senior product manager. Ia memegang posisi tersebut selama dua tahun hingga akhirnya memutuskan berhenti pada tahun 1999 untuk memulai usahanya sendiri. Pada tahun 2000, Joseph mendirikan M-Stars Group, salah satu pelopor penyedia konten mobile di Indonesia yang hingga kini memiliki lebih dari 150 karyawan serta membawahi lima perusahaan cabang yakni AdStars, VOX, dr.m, PoPs, dan m360. Pada beberapa kesempatan, saya sampai harus meminjam uang dari keluarga dan teman-teman karena uang kas kami mulai menipis, padahal kami perlu membayar gaji para karyawan. Ini adalah tantangan terberat secara psikologis bagi saya, karena saya harus mempertahankan kredibilitas saya. Saya sering tidak tidur untuk memastikan bahwa kondisi kas perusahaan tetap terjamin dan bahwa pinjaman dari teman-teman dan keluarga saya mencukupi. Sekarang, ketika mengingat-ingat masa tersebut, saya masih sering tersenyum. 12. Izak Jenie &ndash; co-founder Jatis Group izak jenie Izak Jenie merupakan seorang entrepreneur yang gigih dan tidak pernah menyerah. Setelah sebelumnya gagal berkali-kali, pada 1997, ia bersama dengan beberapa rekannya mendirikan Jatis Group, sebuah perusahaan konsultan IT yang menawarkan solusi IT untuk bank, perusahaan telekomunikasi, jasa pembayaran, dan berbagai perusahaan lainnya. Kini, lebih dari 80 persen pedagang reksa dana di Indonesia menggunakan platform trading Jatis. Mendapatkan mitra yang bagus untuk startup adalah hal yang krusial. Saya suka teori investasi Warren Buffet untuk yang satu ini. Jika Anda dari luar sudah tahu bahwa akan ada masalah, jangan terlibat. Karena sekali Anda terlibat, sulit untuk keluar. Mirip dengan itu, dalam mencari mitra, jika Anda melihat akan ada masalah ketika nanti bekerja dengan calon mitra Anda, sebaiknya jangan dimulai. Beberapa founder startup Indonesia di atas merupakan inspirasi nyata bagi kita semua dalam hal berkontribusi untuk bangsa di bidang entrepreneurship. Bagi Anda yang merasa terinspirasi dan ingin terjun menjadi entrepreneur, lakukan dari sekarang dan buatlah perubahan. Salam entrepreneurship! (Diedit oleh Bambang Kartika)<br />\r\n<br />\r\nBaca juga: 12 kisah sukses founder startup Indonesia <a href="http://id.techinasia.com/kisah-sukses-founder-startup-indonesia/">http://id.techinasia.com/kisah-sukses-founder-startup-indonesia/</a></div>\r\n', '2015-03-09 07:50:20', '0000-00-00 00:00:00', '2015-03-09 07:50:20', '', 1),
(17, 1, 6, '10 Bahasa Pemrograman Populer di Indonesia', '10_bahasa_pemrograman_populer_di_indonesia', '10 Bahasa Pemrograman Populer di Indonesia', '<div class="content-article margin-lg-top">\r\n<p style="text-align: justify;">Bahasa pemrograman merupakan untaian kata-kata berupa instruksi/perintah-perintah yang biasanya terdiri dari banyak baris yang bisa dimengerti oleh komputer. Bahasa pemrograman ini wajib dikuasai oleh seorang developer agar dapat membangun sebuah aplikasi/software. Dan untuk membuat aplikasi tertentu maka digunakan juga bahasa pemrograman yang sesuai dengan kebutuhan aplikasi yang akan dibuat tersebut.</p>\r\n\r\n<p style="text-align: justify;"><a href="http://www.codepolitan.com/wp-content/uploads/2014/12/Tak-berjudul4.png"><img alt="10 Bahasa Pemrograman Populer di Indonesia" class="aligncenter size-medium wp-image-2683" height="170" src="http://www.codepolitan.com/wp-content/uploads/2014/12/Tak-berjudul4-350x170.png" width="350" /></a></p>\r\n\r\n<p style="text-align: justify;">Jumlah bahasa pemrograman ini sangat banyak. Dari sekian banyak bahasa pemrograman yang ada saat ini, tentu saja developer tidak menggunakan seluruh bahasa pemrograman yang ada. Mereka hanya menggunakan 1 atau 2 bahasa pemrograman dalam melakukan developing software.</p>\r\n\r\n<p style="text-align: justify;">Menurut Tiobe, salah satu lembaga riset yang telah beberapa tahun berupaya membuat peringkat bahasa pemrograman populer dunia yang diwujudkan dalam bentuk <a href="http://www.tiobe.com/index.php/content/paperinfo/tpci/" target="_blank">TIOBE Programming Community Index</a> edisi bulan Desember&nbsp;2014, Java dan C masih menjadi bahasa pemrograman terpopuler urutan pertama dan kedua.</p>\r\n\r\n<div class="wp-caption aligncenter" id="attachment_2706" style="width: 610px"><a href="http://www.codepolitan.com/wp-content/uploads/2014/12/tiobe.png"><img alt="Bahasa Pemrograman yang Paling Banyak Dipakai Menurut Hasil Survey TIOBE" class="size-large wp-image-2706" height="166" src="http://www.codepolitan.com/wp-content/uploads/2014/12/tiobe-600x166.png" width="600" /></a>\r\n\r\n<p class="wp-caption-text">Bahasa Pemrograman yang Paling Banyak Dipakai Menurut Hasil Survey TIOBE</p>\r\n</div>\r\n\r\n<p style="text-align: justify;">Kemudian dalam&nbsp;<a href="https://sites.google.com/site/pydatalog/pypl/PyPL-PopularitY-of-Programming-Language" target="_blank">PYPL Popularity of Programming Language</a> juga merilis 11 bahasa pemrograman yang banyak dipakai sampai pada bulan November 2014, menunjukan Java dan PHP berada di posisi pertama dan kedua sementara C menempati urutan ke 6.</p>\r\n\r\n<div class="wp-caption aligncenter" id="attachment_2707" style="width: 593px"><a href="http://www.codepolitan.com/wp-content/uploads/2014/12/pypl.png"><img alt="Hasil Survey dari PYPL" class="size-full wp-image-2707" height="376" src="http://www.codepolitan.com/wp-content/uploads/2014/12/pypl.png" width="583" /></a>\r\n\r\n<p class="wp-caption-text">Hasil Survey dari PYPL</p>\r\n</div>\r\n\r\n<p style="text-align: justify;">Data di atas merupakan bahasa pemrograman yang populer digunakan di dunia, di artikel kali ini&nbsp;CodePolitan&nbsp;akan rangkum 10 bahasa pemrograman yang populer digunakan di indonesia. Selain menggunakan data dari TIOBE dan PYPL, CodePolitan merangkum bahasa pemrograman populer berdasarkan jumlah member grup Facebook yang membahas tentang pemrograman. Berikut adalah ulasan 10 bahasa pemrograman populer di Indonesia:</p>\r\n\r\n<h2 style="text-align: justify;">1. JAVA</h2>\r\n\r\n<div class="wp-caption aligncenter" id="attachment_2680" style="width: 360px"><a href="http://www.codepolitan.com/wp-content/uploads/2014/12/java_logo.jpg"><img alt="Logo Java" class="size-medium wp-image-2680" height="215" src="http://www.codepolitan.com/wp-content/uploads/2014/12/java_logo-350x215.jpg" width="350" /></a>\r\n\r\n<p class="wp-caption-text">Logo Java</p>\r\n</div>\r\n\r\n<p style="text-align: justify;">Java merupakan bahasa pemrograman yang dapat dijalankan di berbagai platform, dari mulai PC sampai perangkat mobile. Bahasa pemrograman ini awalnya dikembangkan pada The Green Project pada tahun 1991 oleh Sun Microsystem yang kemudian dilepas pada Oracle. Nama Java sendiri dipilih karena salah seorang pendiri Java, James Gosling, sangat menyukai kopi murni yang langsung digiling dari mesin giling (kopi tubruk) dimana kopi jenis ini berasal dari pulau Jawa di Indonesia.</p>\r\n\r\n<p style="text-align: justify;">Java menjadi salah satu bahasa pemrograman terpopuler bukan karena tanpa alasan, bahasa pemrograman ini memiliki beberapa kelebihan seperti misalnya bisa berjalan di sistem operasi yang berbeda-beda, kemudian bahasa pemrograman ini termasuk kedalam pemrograman OOP (pemrograman orientasi objek) sehingga programer lebih mudah dalam menyusun program menggunakan bahasa ini, selain itu bahasa ini juga memiliki library yang lengkap sehingga akan sangat memudahkan programer. Dan saat ini merupakan era dimana smartphone Android sangat banyak digunakan. Aplikasi dalam smartphone Android dibangun menggunakan bahasa Java, sehingga banyak juga programer-programer yang menggunakan bahasa ini karena memang sedang banyak dibutuhkan.</p>\r\n\r\n<h2 style="text-align: justify;">2. C</h2>\r\n\r\n<div class="wp-caption aligncenter" style="width: 174px"><img alt="" height="117" src="http://sandrasidsidik.mywapblog.com/files/c-language-logo.jpg" width="164" />\r\n<p class="wp-caption-text">Bahasa C</p>\r\n</div>\r\n\r\n<p style="text-align: justify;">Bahasa C ini termasuk bahasa pemrograman tertua yang pernah ada. Bahasa pemrograman C ini dikembangkan dari sekitar tahun 70-an. Bahasa C menjadi bahasa pemrograman yang populer di Indonesia karena hampir sebagian besar perguruan tinggi jurusan IT ataupun lembaga kursus pemrograman menggunakan bahasa ini untuk dipelajari pertama kali sebelum mempelajari bahasa pemrograman yang lain. Bukan tanpa sebab bahasa C ini menjadi dasar untuk mempelajari bahasa pemrograman yang lain, karena memang bahasa C ini merupakan &ldquo;bapak&rdquo; dari bahasa pemrograman lain seperi C#, Java, C++, dan lain sebagainya.</p>\r\n\r\n<h2 style="text-align: justify;">3. PHP</h2>\r\n\r\n<div class="wp-caption aligncenter" id="attachment_2694" style="width: 360px"><a href="http://www.codepolitan.com/wp-content/uploads/2014/12/PHP.png"><img alt="PHP" class="size-medium wp-image-2694" height="184" src="http://www.codepolitan.com/wp-content/uploads/2014/12/PHP-350x184.png" width="350" /></a>\r\n\r\n<p class="wp-caption-text">Logo PHP</p>\r\n</div>\r\n\r\n<p style="text-align: justify;">PHP (PHP Hypertext Pre-processor) merupakan bahasa pemrograman yang paling banyak digunakan di Indonesia. Selain karena gratis, PHP banyak digunakan karena bahasa pemrograman ini merupakan server side scripting yang memang dirancang untuk membangun website dinamis. Selain itu banyak website-website ternama seperti Facebook, WordPress, ataupun Digg yang menggunakan PHP dalam pengembangannya.</p>\r\n\r\n<h2 style="text-align: justify;">4. VisualBasic</h2>\r\n\r\n<div class="wp-caption aligncenter" style="width: 270px"><img alt="" height="160" src="http://4.bp.blogspot.com/-B6bK1oI8rM8/U3OUz6mF9EI/AAAAAAAADU0/6DsZXApQIn8/s1600/vb_logo.jpg" width="260" />\r\n<p class="wp-caption-text">Logo Visual Basic</p>\r\n</div>\r\n\r\n<p style="text-align: justify;">VisualBasic merupakan bahasa pemrograman yang dikembangkan oleh Microsoft. Bahasa pemrograman ini menawarkan IDE visual dalam pembuatan software, dan bahasa pemrograman ini dikembangkan untuk membuat software-software berbasis sistem operasi Windows. VisualBasic sendiri adalah keturunan dari bahasa pemrograman BASIC.</p>\r\n\r\n<p style="text-align: justify;">Sebuah survey pada tahun 2005 menunjukan 62% developer software menggunakan VisualBasic dalam pengembangan software nya, sehingga hal tersebut menjadikan VisualBasic sebagai salah satu bahasa pemrograman yang populer. Di Indonesia sendiri terdapat grup <a href="https://www.facebook.com/groups/VisualBasicIND" target="_blank">Visual Basic Indonesia</a> yang telah memiliki 22 ribu member lebih.</p>\r\n\r\n<h2 style="text-align: justify;">5. Python</h2>\r\n\r\n<div class="wp-caption aligncenter" id="attachment_2696" style="width: 360px"><a href="http://www.codepolitan.com/wp-content/uploads/2014/12/python-logo-master-v3-TM.png"><img alt="Python" class="size-medium wp-image-2696" height="118" src="http://www.codepolitan.com/wp-content/uploads/2014/12/python-logo-master-v3-TM-350x118.png" width="350" /></a>\r\n\r\n<p class="wp-caption-text">Logo Python</p>\r\n</div>\r\n\r\n<p style="text-align: justify;">Dalam tingkatan bahasa pemrograman, Python termasuk bahasa tingkat tinggi. Python menjadi salah satu bahasa pemrograman yang dapat membangun aplikasi, baik itu berbasis web ataupun berbasis mobile. Bahasa phyton ini termasuk kedalam bahasa pemorgraman yang cukup mudah bagi pemula, karena bahasa tersebut mudah untuk dibaca dengan syntax yang mudah untuk dipahami juga. Banyak perusahaan besar menggunanakn Phyton dalam pengembanganya seperti Instagram, Pinterest dan Rdio. Python juga digunakan oleh para pengembang Google, Yahoo!, dan juga NASA.</p>\r\n\r\n<p style="text-align: justify;">Di Indonesia sendiri terdapat grup Facebook yang membahas tentang Python yang telah memiliki lebih dari 6000 anggota. Grup ini cukup aktif, grup ini bernama <a href="https://www.facebook.com/groups/IndonesianPython/" target="_blank">Python Indonesia</a>.</p>\r\n\r\n<h2 style="text-align: justify;">6. C++</h2>\r\n\r\n<div class="wp-caption aligncenter" style="width: 157px"><img alt="" height="154" src="http://4.bp.blogspot.com/-xSVMVNudNEA/UmCQbc_ZwhI/AAAAAAAAAks/P5H0YWlQgnc/s1600/c-logo.jpg" width="147" />\r\n<p class="wp-caption-text">C++</p>\r\n</div>\r\n\r\n<p style="text-align: justify;">C++ merupakan bahasa pemrograman pengembangan dari bahasa C. C++ dan C memiliki sintaks penulisan yang hampir sama, meski begitu kedua bahasa pemrograman ini memiliki perbedaan pada penyelesaian masalahnya. Pada bahasa C penyelesaian masalah dilakukan dengan membagi-bagi kedalam sub-sub masalah yang lebih kecil lagi atau bisa disebut bahasa pemrograman prosedural, sedangakan C++ berorientasi pada objek dimana permasalahan dibagi-bagi kedalam class-class.</p>\r\n\r\n<p style="text-align: justify;">C++ ini menjadi bahasa pemrograman yang populer karena banyak juga perusahaan-perusahaan software besar yang menggunakan bahasa ini untuk membangun software nya seperti Adobe, Firefox, ataupun Winamp yang sekarang pengembanganya di hentikan.</p>\r\n\r\n<h2 style="text-align: justify;">7. JavaScript</h2>\r\n\r\n<div class="wp-caption aligncenter" style="width: 307px"><img alt="" height="99" src="https://encrypted-tbn0.gstatic.com/images?q=tbn:ANd9GcTjdTSmDXTU1rQrfs9_yZ2LfQxOuh_gVczrm0WGclClxZaHdamx" width="297" />\r\n<p class="wp-caption-text">JavaScript</p>\r\n</div>\r\n\r\n<p style="text-align: justify;">JavaScript adalah bahasa pemrograma yang dikembangkan oleh Netscape. Penggunaan JavaScript saat ini kebanyakan terdapat pada pengembangan web. Dengan JavaScript ini kita bisa membuat web yang interaktif dan menarik. Di Indonesia sendiri terdapat grup Facebook yang membahas tentang JavaScript ini dengan nama <a href="https://www.facebook.com/groups/sencha.indo.admin/" target="_blank">JavaScript Indonesia</a>. Grup yang beranggotakan lebih dari 10 ribu orang ini masih aktif sampai sekarang.</p>\r\n\r\n<h2 style="text-align: justify;">8. C#</h2>\r\n\r\n<div class="wp-caption aligncenter" style="width: 170px"><img alt="" height="160" src="http://mediabisnisonline.com/wp-content/uploads/2014/01/csharp3.png" width="160" />\r\n<p class="wp-caption-text">C#</p>\r\n</div>\r\n\r\n<p style="text-align: justify;">C# adalah bahasa pemrograman yang dikembangkan oleh Microsoft. C# ini menggabungkan prinsip dari C dan C++. C# ini banyak digunakan untuk mengembangkan software yang menggunakan platform Windows.</p>\r\n\r\n<h2 style="text-align: justify;">9. Objective-C</h2>\r\n\r\n<div class="wp-caption aligncenter" style="width: 208px"><img alt="" height="139" src="https://encrypted-tbn2.gstatic.com/images?q=tbn:ANd9GcSWoDh__Q85PAp95az3sd2AGln_2q1W7oPmwHc2Ea6I5oSECC3b" width="198" />\r\n<p class="wp-caption-text">Logo Objective &ndash; C</p>\r\n</div>\r\n\r\n<p style="text-align: justify;">Objective-C adalah bahasa pemrograman yang berorientasi objek. Bahasa pemrograman ini digunakan untuk pengembangan aplikasi yang digunakan pada perangkat Apple, bahkan sistem operasi iOS pun dikembangkan menggunakan bahasa pemrograman Objective-C ini.</p>\r\n\r\n<h2 style="text-align: justify;">10.&nbsp;ActionScript</h2>\r\n\r\n<div class="wp-caption aligncenter" style="width: 173px"><img alt="" height="163" src="http://upload.wikimedia.org/wikipedia/en/0/0f/ActionScript_icon.png" width="163" />\r\n<p class="wp-caption-text">Logo ActionScript</p>\r\n</div>\r\n\r\n<blockquote>\r\n<p style="text-align: justify;">ActionScript adalah bahasa pemrograman yang dibuat berdasarkan ECMAScript yang digunakan dalam pengembangan situs web dan perangkat lunak menggunakan platform Adobe Flash Player. ActionScript juga dipakai pada beberapa aplikasi basis data, seperti Alpha Five. Bahasa ini awalnya dikembangkan oleh Macromedia, tapi kini sudah dimiliki dan dilanjutkan perkembangannya oleh Adobe, yang membeli Macromedia pada tahun 2005.</p>\r\n\r\n<p style="text-align: justify;">Action Script terbaru saat ini adalah Action Script 3.0. Action Script 3.0 adalah bahasa terbaru dari edisi yang sebelumnya dikenal dengan Action Script 2.0. Action Script 3.0 memiliki beberapa kelebihan dibanding pendahulunya, antara lain fitur yang ditawarkan adalah file pada Action Script 3.0 dapat dibuat terpisah saat runtime. (wikipedia.org)</p>\r\n</blockquote>\r\n\r\n<p style="text-align: justify;">Di indonesia ActionScript ini menjadi populer karena banyaknya developer berbasis Flash yang tentu saja menggunakan ActionScript untuk keperluan koding. Di Facebook juga terdapat grup <a href="https://www.facebook.com/groups/137192616388491/" target="_blank">ACTIONSCRIPT Indonesia </a>yang masih aktif hingga sekarang. Grup ini memiliki 1000 lebih anggota.</p>\r\n\r\n<p style="text-align: justify;">Sumber : http://www.codepolitan.com/10-bahasa-pemrograman-populer-di-indonesia/</p>\r\n</div>\r\n\r\n<p>&nbsp;</p>\r\n', '2015-03-09 13:19:12', '0000-00-00 00:00:00', '2015-03-09 13:19:12', '', 2);
INSERT INTO `rpl_thread` (`id_thread`, `category_id`, `user_id`, `title`, `url_title`, `desc_title`, `content`, `date_add`, `date_edit`, `date_last_post`, `image`, `counter`) VALUES
(18, 1, 6, 'Tempat Uji Nyali Programmer', 'tempat_uji_nyali_programmer', 'Situs - situs untuk uji nyali bagi programmer', '<p>Biasanya kalau di televisi acara uji nyali itu di bawah air terjun, di dalam goa, di gedung tua, di rumah tak berpenghuni, di makam atau dimana aja lah yang penting gelap dan <em>spooky</em> yang membuat bulung kuduk merinding gak karuan. Atau juga ada yang tantangannya ekstrem misal harus <em>bungee jumping</em>, <em>flying fox</em>, atau loncat indah yang membuat jantung berdegup kencang. Itu semua untuk orang &ndash; orang pada umumnya yang menguji kekuatan fisik dan mental.</p>\r\n\r\n<div class="wp-caption aligncenter" id="attachment_1418" style="width: 360px"><a href="http://www.codepolitan.com/wp-content/uploads/2014/07/tempat-uji-nyali-programmer-19-.png"><img alt="Nyan digoda oleh Pocong saat coding (sumber: Nyankod Magz)" class="size-medium wp-image-1418" height="229" src="http://www.codepolitan.com/wp-content/uploads/2014/07/tempat-uji-nyali-programmer-19--350x229.png" width="350" /></a>\r\n\r\n<p class="wp-caption-text">Nyan digoda oleh Pocong saat coding (sumber: Nyankod Magz)</p>\r\n</div>\r\n\r\n<p>Nah kalau <em>programmer</em> uji nyalinya dimana? selain menguji kekuatan fisik dan mental kekuatan <em>problem solving</em>, <em>coding</em>, dan algoritmik juga menjadi parameter yang akan di uji bagi seorang hobi <em>coding</em> atau <em>programmer</em>. Uji nyali ini biasanya berupa lomba <em>coding</em> yang diikuti oleh banyak tim. Lomba <em>coding</em> ini biasanya diselenggarakan oleh perguruan tinggi (misal: ITB, UI, ITS) atau lembaga resmi di bidang <em>computing</em> seperti ACM dengan ACM-ICPC nya.</p>\r\n\r\n<p>Di dalam lomba <em>coding</em> ini Anda harus bertarung melawan waktu dengan memecahkan <em>problem set</em> super greget yang disediakan oleh panitia. Misal ada persoalan dimana kita harus menyelesaikan titik koordinat sebuah titik terhadap 10 titik yang diberikan oleh mesin penguji. Contoh lainnya misal berapa banyak macam jenis barang yang dapat disimpan di sebuah <em>stockpile</em> di sebuah gudang karena perbedaan lebar dan panjang setiap barang berbeda. Setelah Anda mengerjakan soal, <em>source code</em> yang telah Anda coba di komputer dan berhasil harus langsung dikirim ke <em>online judge</em> untuk dievaluasi kebenaran dari <em>source code</em> tersebut. Biasanya akan muncul info seperti <em>time limit exceeded</em>, <em>compile success</em>, atau <em>compile failed</em>.</p>\r\n\r\n<p>Memang ketika mengikuti lomba <em>coding</em> gak aneh kalau misalnya ada salah satu teman dari tim kita atau yang berbeda tim, raut wajahnya cemberut banget, ada yang ngacak &ndash; ngacak rambut, ada pula yang sampai nangis karena mumetnya menyelesaikan <em>problem set</em>. Tapi disitulah letak menariknya, kalau kita bisa mengendalikan diri pasti <em>problem set</em> yang kita hadapi akan lebih lega. Dan jangan salah, lomba <em>coding</em> biasanya menghadiahkan uang jutaan kepada sang pemenang.</p>\r\n\r\n<p>Kalau lomba <em>coding</em> biasanya tahunan atau per semester atau mungkin dalam periode yang tidak ditentukan. Lalu bagaimana dengan kita yang tidak sempat ikut lomba tapi pengen coba uji nyali dengan menyelesaikan <em>problem set</em>. Kami akan hadirkan beberapa <em>online judge</em> yang bisa digunakan sebagai latihan sebelum perang <em>coding</em> untuk sebuah kompetisi, latihan <em>coding</em> untuk UAS (karena ada beberapa perguruan tinggi yang memakai <em>online judge</em> untuk sistem UAS mata kuliah Algoritma dan Pemrograman), atau menguji nyali Anda ketika liburan.</p>\r\n\r\n<p>Berikut adalah daftar <em>online judge</em> yang dapat Anda coba sekarang juga:</p>\r\n\r\n<h3><a href="http://coj.uci.cu/index.xhtml" target="_blank">Caribbean Online Judge (COJ)</a></h3>\r\n\r\n<div class="wp-caption aligncenter" id="attachment_1400" style="width: 360px"><a href="http://www.codepolitan.com/wp-content/uploads/2014/07/tempat-uji-nyali-programmer-1-.png"><img alt="Halaman Depan Carribean Online Judge" class="size-medium wp-image-1400" height="190" src="http://www.codepolitan.com/wp-content/uploads/2014/07/tempat-uji-nyali-programmer-1--350x190.png" width="350" /></a>\r\n\r\n<p class="wp-caption-text">Halaman Depan Carribean Online Judge</p>\r\n</div>\r\n\r\n<p>COJ siap menguji Anda selama 24 jam dengan berbagai <em>problem set</em>. Di COJ Anda dapat menggunakan bahasa pemrograman C, C++, Java, C#, Pascal, Perl, Python, PHP, BASH dan Ruby. Di COJ ada sekitar 1978 <em>problem</em> yang dapat Anda selesaikan untuk mengetahui kemampuan <em>programming</em> Anda. Selain itu Anda dapat bersaing dengan <em>user</em> lainnya yang sudah lebih dulu menyelesaikan <em>problem set</em>. COJ memiliki tujuan untuk penggunanya, yaitu: tempat bertukar pengalaman dan pengetahuan, untuk menguji kemampuan <em>programming</em> Anda, dan sebagai tempat latihan untuk ikut lomba seperti ACM-ICPC. COJ ini didirikan oleh Universidad la Ciencias Informaticas, Cuba. Anda dapat memilih Bahasa Spanyol atau Bahasa Inggris ketika berkunjung ke COJ.</p>\r\n\r\n<div class="wp-caption aligncenter" id="attachment_1409" style="width: 360px"><a href="http://www.codepolitan.com/wp-content/uploads/2014/07/tempat-uji-nyali-programmer-10-.png"><img alt="Halaman Peringkat Peserta di COJ, (terhitung 31 Juli 2014)" class="size-medium wp-image-1409" height="217" src="http://www.codepolitan.com/wp-content/uploads/2014/07/tempat-uji-nyali-programmer-10--350x217.png" width="350" /></a>\r\n\r\n<p class="wp-caption-text">Halaman Peringkat Peserta di COJ, (terhitung 31 Juli 2014)</p>\r\n</div>\r\n\r\n<h3><a href="https://oj.leetcode.com/" target="_blank">LeetCode Online Judge</a></h3>\r\n\r\n<div class="wp-caption aligncenter" id="attachment_1401" style="width: 360px"><a href="http://www.codepolitan.com/wp-content/uploads/2014/07/tempat-uji-nyali-programmer-2-.png"><img alt="Halaman Depan LeetCode Online Judge" class="size-medium wp-image-1401" height="189" src="http://www.codepolitan.com/wp-content/uploads/2014/07/tempat-uji-nyali-programmer-2--350x189.png" width="350" /></a>\r\n\r\n<p class="wp-caption-text">Halaman Depan LeetCode Online Judge</p>\r\n</div>\r\n\r\n<p>LeetCode menyediakan <em>online judge</em> yang dapat digunakan sebagai tempat latihan <em>proglem solving</em>. Di LeetCode terdapat <em>problem</em> sebanyak 150. Bahasa pemrograman yang dapat digunakan adalah Python, C++, dan Java. LeetCode sendiri merupakan sebuah penyedia jasa IT <em>interview</em> untuk <em>skill coding test</em>. Anda dapat menggunakan akun Facebook, Twitter, G+, atau Github untuk mendaftar.</p>\r\n\r\n<h3><a href="http://judge.u-aizu.ac.jp/onlinejudge/" target="_blank">Aizu Online Judge (Aizu OJ)</a></h3>\r\n\r\n<div class="wp-caption aligncenter" id="attachment_1402" style="width: 360px"><a href="http://www.codepolitan.com/wp-content/uploads/2014/07/tempat-uji-nyali-programmer-3-.png"><img alt="Halaman Depan Aizu  Online Judge" class="size-medium wp-image-1402" height="190" src="http://www.codepolitan.com/wp-content/uploads/2014/07/tempat-uji-nyali-programmer-3--350x190.png" width="350" /></a>\r\n\r\n<p class="wp-caption-text">Halaman Depan Aizu Online Judge</p>\r\n</div>\r\n\r\n<p>Aizu OJ didirikan oleh Database System Laboratory, University of Aizu, Jepang. Aizu OJ dikelola oleh Aizu Competitive Programming Club. <em>Problem set</em> yang ditawarkan umumnya diarahkan untuk kompetisi ACM-ICPC. Aizu OJ memiliki 28 volume <em>problem set</em>, tiga pertama adalah pengenalan dan pemanasan sebelum rambut Anda rontok, 25 berikutnya adalah <em>problem set</em> yang diarahkan untuk ACM-ICPC. Bahasa pemrograman yang dapat digunakan antara lain Ruby, Python, PHP, Javascript (NodeJS), C, C++, Java, C#, dan D. Anda dapat memilih ahasa Jepang atau Bahasa Inggris ketika berkunjung ke Aizu OJ.</p>\r\n\r\n<div class="wp-caption aligncenter" id="attachment_1410" style="width: 360px"><a href="http://www.codepolitan.com/wp-content/uploads/2014/07/tempat-uji-nyali-programmer-11-.png"><img alt="Halaman Peringkat Peserta di Aizu OJ, (terhitung 31 Juli 2014)" class="size-medium wp-image-1410" height="243" src="http://www.codepolitan.com/wp-content/uploads/2014/07/tempat-uji-nyali-programmer-11--350x243.png" width="350" /></a>\r\n\r\n<p class="wp-caption-text">Halaman Peringkat Peserta di Aizu OJ, (terhitung 31 Juli 2014)</p>\r\n</div>\r\n\r\n<h3><a href="http://poj.org/" target="_blank">Peking University Online Judge (POJ)</a></h3>\r\n\r\n<div class="wp-caption aligncenter" id="attachment_1403" style="width: 360px"><a href="http://www.codepolitan.com/wp-content/uploads/2014/07/tempat-uji-nyali-programmer-4-.png"><img alt="Halaman Depan Peking University Online Judge" class="size-medium wp-image-1403" height="189" src="http://www.codepolitan.com/wp-content/uploads/2014/07/tempat-uji-nyali-programmer-4--350x189.png" width="350" /></a>\r\n\r\n<p class="wp-caption-text">Halaman Depan Peking University Online Judge</p>\r\n</div>\r\n\r\n<p>POJ ini didirikan oleh Peking University. Didesan dan dikembangkan oleh Xu Pengcheng, Ying Fuchen, dan Xie Di. Soal yang terdapat di POJ ada sekitar 3054 <em>problem set</em> yang siap dipecahkan bersama tim Anda. Bahasa yang dapat digunakan antara lain C, C++, dan Java. POJ ini dikelola juga oleh Peking University ICPC Team. Anda dapat memilih Bahasa Mandarin atau Bahasa Inggris ketika berkunjung ke POJ.</p>\r\n\r\n<div class="wp-caption aligncenter" id="attachment_1411" style="width: 360px"><a href="http://www.codepolitan.com/wp-content/uploads/2014/07/tempat-uji-nyali-programmer-12-.png"><img alt="Halaman Peringkat Peserta di POJ, (terhitung 31 Juli 2014)" class="size-medium wp-image-1411" height="179" src="http://www.codepolitan.com/wp-content/uploads/2014/07/tempat-uji-nyali-programmer-12--350x179.png" width="350" /></a>\r\n\r\n<p class="wp-caption-text">Halaman Peringkat Peserta di POJ, (terhitung 31 Juli 2014)</p>\r\n</div>\r\n\r\n<h3><a href="https://www.urionlinejudge.com.br" target="_blank">URI Online Judge (URI OJ)</a></h3>\r\n\r\n<div class="wp-caption aligncenter" id="attachment_1404" style="width: 360px"><a href="http://www.codepolitan.com/wp-content/uploads/2014/07/tempat-uji-nyali-programmer-5-.png"><img alt="Halaman Depan Universidad Regionale Integrada Online Judge" class="size-medium wp-image-1404" height="188" src="http://www.codepolitan.com/wp-content/uploads/2014/07/tempat-uji-nyali-programmer-5--350x188.png" width="350" /></a>\r\n\r\n<p class="wp-caption-text">Halaman Depan Universidad Regionale Integrada Online Judge</p>\r\n</div>\r\n\r\n<p>URI OJ ini didirikan oleh Department of Computer Science, Universidade Regional Integrada, Brazil. URI OJ ini diprakarasi oleh Neilor Tonin, Jean Bez, dan Leonardo Blanger. Permasalahan yang dapat Anda selesaikan ada sekitar 576 <em>problem set</em>. <em>Problem set</em> tersebut terbagi menjadi 8 bagian yaitu <strong>Beginner</strong>, <strong>Strings</strong>, <strong>Ad Hoc</strong>, <strong>Mathemattic</strong>, <strong>Graph</strong>, <strong>Data Structures</strong>, <strong>Paradigm</strong>, dan <strong>Computational Geometry</strong>. Anda dapat menggunakan C++ atau Java untuk menyelesaikan <em>problem set</em>.</p>\r\n\r\n<div class="wp-caption aligncenter" id="attachment_1412" style="width: 360px"><a href="http://www.codepolitan.com/wp-content/uploads/2014/07/tempat-uji-nyali-programmer-13-.png"><img alt="Halaman Peringkat Peserta di URI OJ, (terhitung 31 Juli 2014)" class="size-medium wp-image-1412" height="232" src="http://www.codepolitan.com/wp-content/uploads/2014/07/tempat-uji-nyali-programmer-13--350x232.png" width="350" /></a>\r\n\r\n<p class="wp-caption-text">Halaman Peringkat Peserta di URI OJ, (terhitung 31 Juli 2014)</p>\r\n</div>\r\n\r\n<h3><a href="http://acm.timus.ru/" target="_blank">Timus Online Judge (TOJ)</a></h3>\r\n\r\n<div class="wp-caption aligncenter" id="attachment_1405" style="width: 360px"><a href="http://www.codepolitan.com/wp-content/uploads/2014/07/tempat-uji-nyali-programmer-6-.png"><img alt="Halaman Depan Timus Online Judge" class="size-medium wp-image-1405" height="188" src="http://www.codepolitan.com/wp-content/uploads/2014/07/tempat-uji-nyali-programmer-6--350x188.png" width="350" /></a>\r\n\r\n<p class="wp-caption-text">Halaman Depan Timus Online Judge</p>\r\n</div>\r\n\r\n<p>TOJ didirikan oleh Ural Federal University, Rusia. TOJ memiliki <em>problem set</em> sebanyak 1011 <em>problem</em> yang terbagi ke dalam 11 volume yang siap dipecahkan oleh kontestan. Di TOJ Anda dapat menyelesaikan <em>problem set</em> menggunakan C, C++, Pascal, Java, C#, Go, Python, Ruby, Haskell, dan Scala. Umumnya Anda akan bersaing dengan kontestan dari Rusia.</p>\r\n\r\n<div class="wp-caption aligncenter" id="attachment_1414" style="width: 360px"><a href="http://www.codepolitan.com/wp-content/uploads/2014/07/tempat-uji-nyali-programmer-15-.png"><img alt="Halaman Peringkat Peserta di Timus OJ, (terhitung 31 Juli 2014)" class="size-medium wp-image-1414" height="215" src="http://www.codepolitan.com/wp-content/uploads/2014/07/tempat-uji-nyali-programmer-15--350x215.png" width="350" /></a>\r\n\r\n<p class="wp-caption-text">Halaman Peringkat Peserta di Timus OJ, (terhitung 31 Juli 2014)</p>\r\n</div>\r\n\r\n<h3><a href="http://www.spoj.com/" target="_blank">Sphere Online Judge (SPOJ)</a></h3>\r\n\r\n<div class="wp-caption aligncenter" id="attachment_1406" style="width: 360px"><a href="http://www.codepolitan.com/wp-content/uploads/2014/07/tempat-uji-nyali-programmer-7-.png"><img alt="Halaman Depan Sphere Online Judge" class="size-medium wp-image-1406" height="189" src="http://www.codepolitan.com/wp-content/uploads/2014/07/tempat-uji-nyali-programmer-7--350x189.png" width="350" /></a>\r\n\r\n<p class="wp-caption-text">Halaman Depan Sphere Online Judge</p>\r\n</div>\r\n\r\n<p>SPOJ didirikan oleh Sphere Research Labs. SPOJ menggunakan Sphere Engine, mesin evaluasi <em>coding</em> yang digunakan oleh Learn C, Learn Javascript, Learn Java, Learn Python, dan Learn PHP. SPOJ memiliki 20563 <em>problem set</em> yang bisa Anda pecahkan. SPOJ memiliki jumlah <em>problem set</em> yang paling banyak diantara lainnya. Untuk menyelesaikan masalah, SPOJ menawarkan banyak sekali pilihan bahasa pemrograman mulai dari C, C++, Pascal, Java, C#, ASM, D, Fort, ADA, Perl, Python, Ruby, Lua, Haskell, Lisp, Scheme, Clips, CAML, Prolog, PHP, Pike, dan lainnya. Anda dapat menggunakan Bahasa Armenia, Bahasa Polandia, Bahasa Vietnam, Bahasa Portugis, dan Bahasa Inggris ketika berkunjung ke SPOJ.</p>\r\n\r\n<div class="wp-caption aligncenter" id="attachment_1415" style="width: 360px"><a href="http://www.codepolitan.com/wp-content/uploads/2014/07/tempat-uji-nyali-programmer-16-.png"><img alt="Halaman Peringkat Peserta di SPOJ, (terhitung 31 Juli 2014)" class="size-medium wp-image-1415" height="277" src="http://www.codepolitan.com/wp-content/uploads/2014/07/tempat-uji-nyali-programmer-16--350x277.png" width="350" /></a>\r\n\r\n<p class="wp-caption-text">Halaman Peringkat Peserta di SPOJ, (terhitung 31 Juli 2014)</p>\r\n</div>\r\n\r\n<h3><a href="http://uva.onlinejudge.org/" target="_blank">UVA Online Judge (UVA OJ)</a></h3>\r\n\r\n<div class="wp-caption aligncenter" id="attachment_1407" style="width: 360px"><a href="http://www.codepolitan.com/wp-content/uploads/2014/07/tempat-uji-nyali-programmer-8-.png"><img alt="Halaman Depan Universidad de Valladolid Online Judge" class="size-medium wp-image-1407" height="189" src="http://www.codepolitan.com/wp-content/uploads/2014/07/tempat-uji-nyali-programmer-8--350x189.png" width="350" /></a>\r\n\r\n<p class="wp-caption-text">Halaman Depan Universidad de Valladolid Online Judge</p>\r\n</div>\r\n\r\n<p>UVA OJ didirikan oleh University of Valladoid, Spanyol. Anda dapat menggunakan C, C++, Pascal, dan Java untuk menyelesaikan permasalahan di UVA OJ. Permasalahan yang ditawarkan ada sekitar 14 kelompok permasalahan. Kelompok <em>problem set</em> tersebut antara lain ACM-ICPC, AOAPC, Competitive Programming oleh Steven dan Felix Halim, Rujia Liu, dan lainnya.</p>\r\n\r\n<div class="wp-caption aligncenter" id="attachment_1416" style="width: 360px"><a href="http://www.codepolitan.com/wp-content/uploads/2014/07/tempat-uji-nyali-programmer-17-.png"><img alt="Halaman Peringkat Peserta di UVA OJ, (terhitung 31 Juli 2014)" class="size-medium wp-image-1416" height="270" src="http://www.codepolitan.com/wp-content/uploads/2014/07/tempat-uji-nyali-programmer-17--350x270.png" width="350" /></a>\r\n\r\n<p class="wp-caption-text">Halaman Peringkat Peserta di UVA OJ, (terhitung 31 Juli 2014)</p>\r\n</div>\r\n\r\n<h3><a href="http://jollybee.binus.ac.id" target="_blank">Jolly Bee Online Judge (JBOJ)</a></h3>\r\n\r\n<div class="wp-caption aligncenter" id="attachment_1417" style="width: 360px"><a href="http://www.codepolitan.com/wp-content/uploads/2014/07/tempat-uji-nyali-programmer-18-.png"><img alt="Halaman Peringkat Peserta di JBOJ" class="size-medium wp-image-1417" height="271" src="http://www.codepolitan.com/wp-content/uploads/2014/07/tempat-uji-nyali-programmer-18--350x271.png" width="350" /></a>\r\n\r\n<p class="wp-caption-text">Halaman Peringkat Peserta di JBOJ (terhitung 30 Juli 2014)</p>\r\n</div>\r\n\r\n<p>Jolly Bee didirikan oleh BINUS. Jolly Bee memiliki 38 <em>problem set</em> yang dapat Anda coba. Anda dapat menggunakan C++, C, Pascal, dan Java untuk menyelesaikan <em>problem set</em>. <em>Problem set</em> yang tersedia ada dua kategori yaitu Jollybee Contest Beta Testing dan BNPCHS 2010.</p>\r\n\r\n<h3><a href="http://tokilearning.org/" target="_blank">TOKI Learning Center</a></h3>\r\n\r\n<div class="wp-caption aligncenter" id="attachment_1408" style="width: 360px"><a href="http://www.codepolitan.com/wp-content/uploads/2014/07/tempat-uji-nyali-programmer-9-.png"><img alt="Halaman Depan Toki Learning Center" class="size-medium wp-image-1408" height="190" src="http://www.codepolitan.com/wp-content/uploads/2014/07/tempat-uji-nyali-programmer-9--350x190.png" width="350" /></a>\r\n\r\n<p class="wp-caption-text">Halaman Depan Toki Learning Center</p>\r\n</div>\r\n\r\n<p>Toki Learning Center ini didirikan oleh TOKI Biro ITB. Digunakan sebagai alat pembelajaran jarak jauh untuk peserta OSN Komputer Indonesia. Umumnya yang ikut serta adalah pelajar SMU yang akan mengikuti OSN. Tapi jangan salah, <em>problem set</em> yang ditawarkannya tidak seindah bunga mawar. Ada sekitar 17 kelompok <em>problem set</em> yang sudah diarsipkan dari tahun 2008 hingga 2011. Arsip soal tersebut berasal dari ACM-ICPC, Binus INC, ITB-PC, OSN, JOINTS, BNPC, Schematics, dan Arkavidia. Anda dapat menggunakan Pascal dan C untuk menyelesaikan permasalahan. Banyak juga <em>problem set</em> yang merupakan soal &ndash; soal di perguruan tinggi. TOKI Learning Center ini diprakarsai oleh Petra Novandi Barus, Karol Danutama, dan Muhammad Adinata. Ketiganya merupakan lulusan Teknik Informatika ITB yang mengelola TOKI Biro ITB. Toki Learning Center menggunakan Bahasa Indonesia untuk penggunanya.</p>\r\n\r\n<p>Siapapun Anda, cobalah <em>online judge</em> walaupun sekali :D.</p>\r\n\r\n<p>Sumber : http://www.codepolitan.com/tempat-uji-nyali-programmer/</p>\r\n', '2015-03-09 13:43:51', '2015-03-09 13:45:14', '2015-03-09 13:43:51', '', 2),
(19, 1, 1, 'Saatnya ROBOT Mengambil Alih', 'saatnya_robot_mengambil_alih', 'Saatnya ROBOT Mengambil Alih', '<div class="content-article margin-lg-top">\r\n<p>Setiap tahun kemajuan teknologi terus meningkat dengan berbagai cara yang digunakan, demi tercapainya kemudahan dalam segala bidang. Yang lebih spesifik lagi ialah peningkatan dalam segi alat yang kita gunakan. Mulai dari alat-alat yang sederhana seperti alat pencukur kumis sampai dengan alat-alat berat dalam dunia industri &amp; transportasi seperti halnya buldoser &amp; pesawat terbang. Hampir semuanya di dominasi dengan mesin, yang tujuannya adalah meringankan pekerjaan manusia agar menjadi lebih mudah dan praktis. Bahkan demi mempermudah semua pekerjaan tanpa harus merepotkan orang lain serta dapat menghemat biaya, manusia menciptakan alat berupa mesin yang dapat menggantikannya dalam menyelesaikan semua pekerjaan, dari pekerjaan ringan sampai dengan pekerjaan berat atau berbahaya yang tidak mampu dilakukan oleh manusia sekalipun, tahukah anda alat itu? Iyaaa biasa kita dengar dengan sebutan &ldquo;robot&rdquo;.</p>\r\n\r\n<p>Dunia robot itu sangat menarik untuk dibahas, karena perkembangannya masih terus ditingkatkan oleh para ilmuan robot. Sejauh ini robot sedang berkembang begitu pesat, bahkan sekarang telah banyak diproduksi secara masal untuk dipasarkan. Robot-robot yang lebih dikenal hingga saat ini adalah robot yang lebih banyak digunakan untuk pekerjaan yang berbahaya bagi manusia seperti menjinakan bom, memeriksa kapal karam, bahkan pada industri pertambangan juga menggunakan robot. Sedangkan robot-robot yang dapat membantu pekerjaan ringan manusia masih belum banyak kita ketahui, mungkin karena harganya masih terbilang sangat mahal untuk kalangan masyarakat Indonesia sehingga tidak heran jika belum banyak yang mau memilikinya.</p>\r\n\r\n<p>Baru-baru ini terdengar isu dalam dunia kesehatan bahwa tenaga perawat dan dokter akan digantikan oleh sebuah robot. Waw apakah benar? Dilansir dari dari situs http://www.nursetogether.com seorang professor wanita yang bernama Dr. Rosalind Picard (profesor di Massachusetts Institute of Technology (MIT)), mengatakan kepada British Broadcasting Corporation (BBC) bahwa dalam rangka meningkatkan pelayanan kesehatan maka di setiap instansi kesehatan harus menyediakan robot. Bayangkan kalau hal ini terjadi, perawat serta dokter di setiap rumah sakit ataupun penyedia kesehatan digantikan dengan robot, lalu lulusan perawat dan dokter di Indonesia mau jadi apa? Itu sangat mungkin terjadi bahwa robot dapat menggantikan manusia dalam setiap kegiatan yang masih dilakukan menggunakan alat indera manusia, namun hati dan perasaan manusia itu yang tidak akan bisa dimiliki oleh robot. Jadi sepertinya, meskipun robot telah dibuat sedemikian rupa, itu tidak akan menggantikan secara total pekerjaan manusia tanpa ada pengawasan dari manusia itu sendiri.</p>\r\n\r\n<p>Robot merupakan hasil salah satu dari pewujudan sebuah Artificial Intelligence (Kecerdasan buatan), tentu kecerdasan tersebut memiliki batas-batasan atau kekurangan-kekurangan yang sangat wajar karena itu adalah cipataan yang dibuat oleh manusia. Tidak seperti manusia yang merupakan ciptaan TUHAN, kecerdasannya akan terus berkembang ataupun berkurang dari waktu kewaktu. Sehingga masih belum ada satu robot yang dapat melakukan berbagai macam kegiatan, mereka dibuat hanya dengan satu atau beberapa kemampuan khusus yang sifatnya rutinitas.</p>\r\n\r\n<p>Dari segi design penampakan, robot juga memiliki aneka ragam bentuk tergantung kegunaannya. Ada yang berbentuk manusia, binatang, kubus, bulat, bahkan virtual. Untuk menyempurnakan kepekaan robot, sekarang ini telah ada sensor dengan kualitas tinggi yang mampu mendeteksi gerakan dengan lebih tepat, mereplika ekspresi manusia, dan mampu menerima serta merespon ucapan manusia secara efektif, teknologi sensor tersebut ialah LIDAR (Light Detection and Ranging). Teknologi robot memang akan terus dikembangkan, hingga nanti mencapai batas kesempurnaan ciptaan manusia. Namun kita tidak perlu khawatir dengan hal-hal yang akan berimbas kepada kita terutama menyangkut menurunya kebutuhan tenaga kerja disetiap perusahaan-perusahaan karena akan digantikan dengan robot, itu semua tidak akan terjadi selama kita tetap mau meningkatkan kualitas diri dan selalu kreatif dalam berfikir.</p>\r\n\r\n<p>Nah untuk lebih mengenal robot-robot apa saja yang telah memiliki teknologi tinggi bahkan telah dipasarkan secara masal di dunia. Berikut ini saya rangkum contoh-contoh robot tersebut, cekidot.</p>\r\n\r\n<p><strong>1. ASIMO</strong></p>\r\n\r\n<p style="text-align: center;">&nbsp;<a href="http://www.codepolitan.com/wp-content/uploads/2014/09/united-academicsDOTorg.jpg"><img alt="united-academicsDOTorg" class="alignnone size-large wp-image-1770" height="367" src="http://www.codepolitan.com/wp-content/uploads/2014/09/united-academicsDOTorg-600x367.jpg" width="600" /></a></p>\r\n\r\n<p style="text-align: center;">(Sumber gambar: www.united-academics.org)</p>\r\n\r\n<p>ASIMO, para penggiat robotika mana yang belum pernah mendengar dan tahu akan robot humanoid (robot manusia) terpintar di dunia buatan Honda ini. Dengan ciri-ciri yang mudah sekali dikenali yaitu robot setinggi 130 cm dan berat 54 kg, berbentuk menyerupai seorang astronot yang membawa tas ransel. Asimo bisa berjalan dengan kedua kakinya layaknya seorang manusia hingga kecepatan 6 km/jam (lihat spesifikasi ASIMO di <a href="http://asimo.honda.com/asimo-specs/">http://asimo.honda.com/asimo-specs/</a>). Asimo diciptakan di Pusat Penelitian dan pengembangan Honda di jepang yaitu Pusat Penelitian Teknik Fundamental Wako. Versi asimo yang sekarang merupakan versi yang ke 11 sejak awal dimulainya proyek ASIMO ini yaitu pada tahun 1986.</p>\r\n\r\n<p>Banyak yang mengira awalnya nama Asimo diambil dari nama penemu Tiga Hukum Robotik yaitu Isaac Asimo, dan dikira hanya juga hanya penamaan dari bahasa jepang &ldquo;ashimo&rdquo; yang berarti &ldquo;kaki juga&rdquo;, ternyata itu salah. Nama ASIMO merupakan sebuah akronim dari&nbsp;<em>A</em>dvanced Step in Innovative Mobility (Langkah besar dalam pergerakan inovatif).</p>\r\n\r\n<p>Nah untuk melihat aksi-aksi ASIMO silahkan kunjungi link berikut:</p>\r\n\r\n<ol>\r\n	<li><a href="http://www.youtube.com/watch?v=JlRPICfnmhw" target="_blank" title="Asimo Japan">http://www.youtube.com/watch?v=skXYr8BzjpM</a></li>\r\n	<li><a href="http://www.youtube.com/watch?v=JlRPICfnmhw" target="_blank" title="Asimo Japan">http://www.youtube.com/watch?v=JlRPICfnmhw</a></li>\r\n</ol>\r\n\r\n<p><strong>2. iRobot Scooba 450</strong></p>\r\n\r\n<p style="text-align: center;"><a href="http://www.codepolitan.com/wp-content/uploads/2014/09/jetsparkrobaticsDOTcom.jpg"><img alt="jetsparkrobaticsDOTcom" class="alignnone size-large wp-image-1772" height="399" src="http://www.codepolitan.com/wp-content/uploads/2014/09/jetsparkrobaticsDOTcom-600x399.jpg" width="600" /></a></p>\r\n\r\n<p style="text-align: center;">(Sumber gambar: www.jetsparkrobatics.com)</p>\r\n\r\n<p>Ini adalah robot pintar berikutnya meskipun tidak berbentuk manusia namun memiliki kegunaan yang luar biasa. Sebelum iRobot Scooba 450 ini hadir, pada tahun 2012 terakhir dirilis scooba 390 robot pembersih lantai. iRobot Scooba ini memang berfungsi sebagai robot pengepel lantai otomatis. Metodenya ialah dengan mengisi robot ini dengan seperempat gelas air yang dicampur dengan cairan pembersih lantai, di versi terbarunya yaitu scooba 450 dapat diisi sekitar 3 gelas cairan dan mampu membersihkan lantai kira-kira seluas 3 meter persegi. Versi terbarunya ini memiliki system kerja yang lebih kuat sikat penggosok lantainya lebih cepat dibandingkan versi sebelumnya.</p>\r\n\r\n<p>Robot ini sudah dipasarkan ke seluruh dunia, dan kamu juga bisa memilikinya. Langsung saja yang ingin tahu penampakan &amp; spesifikasinya bisa di lihat di <a href="http://store.irobot.com/family/index.jsp?categoryId=2174932.">http://store.irobot.com/family/index.jsp?categoryId=2174932.</a></p>\r\n\r\n<p><strong>3. </strong><strong>X.ai (X dot AI)</strong></p>\r\n\r\n<p style="text-align: center;"><a href="http://www.codepolitan.com/wp-content/uploads/2014/09/xDotAi.jpg"><img alt="xDotAi" class="alignnone size-large wp-image-1774" height="304" src="http://www.codepolitan.com/wp-content/uploads/2014/09/xDotAi-600x304.jpg" width="600" /></a></p>\r\n\r\n<p style="text-align: center;">(Sumber gambar: www.x.ai)</p>\r\n\r\n<p>Tidak semua robot itu memiliki tangan dan kaki atau bahkan tubuh, namun seperti yang pernah di sebutkan di atas bahwa bentuk robot juga ada yang secara virtual. Seperti robot X dot AI (X.AI), ini merupakan robot virtual manajemen kalender yang sangat cerdas yang bisa membuat hidup Kamu lebih mudah dan ter-manage. Robot ini memiliki nama &ldquo;Amy&rdquo;, jika Kamu menghubungkan robot ini ke kalender online Kamu, Amy bisa bernegosiasi dengan 5 orang dan bisa mengatur pertemuan. Cukup memberi tahu kepada Amy di mana Kamu biasa ingin mengadakan pertemuan, waktu atau hari terbaiknya dan juga lamanya pertemuan. Maka Amy akan langsung memberitahukan kepada empat orang lainnya melalui email mereka.</p>\r\n\r\n<p>Robot ini bisa Kamu cobain di <a href="https://x.ai/">https://x.ai/</a>.</p>\r\n\r\n<p><strong>4. </strong><strong>Knightscope K5</strong></p>\r\n\r\n<p style="text-align: center;"><a href="http://www.codepolitan.com/wp-content/uploads/2014/09/iDOTtimgDOTcom.jpg"><img alt="iDOTtimgDOTcom" class="alignnone size-large wp-image-1775" height="337" src="http://www.codepolitan.com/wp-content/uploads/2014/09/iDOTtimgDOTcom-600x337.jpg" width="600" /></a></p>\r\n\r\n<p style="text-align: center;">(Sumber gambar: i.timg.com)</p>\r\n\r\n<p>Knightscope merupakan robot patroli atau pemeriksa jika terdapat tindakan kejahatan. Robot dapat memahami gerakan dan juga mengidentifikasi seseorang sebagai penjahat bahkan mampu membedakan kejadian yang benar-benar terjadi atau sekedar menakut-nakuti robot tersebut. Robot ini berbentuk lonjong dan berjalan menggunakan roda. Robot ini sering ditempatkan ditempat parkir pada perusahaan-perusahaan yang menggunakan robot ini.</p>\r\n\r\n<p>Untuk mengetahui seperti apa robot tersebut dapat di check di&nbsp; <a href="http://knightscope.com/">http://knightscope.com/</a></p>\r\n\r\n<p><strong>5. Robokind Milo</strong></p>\r\n\r\n<p style="text-align: center;"><a href="http://www.codepolitan.com/wp-content/uploads/2014/09/thegarlandmessengerDOTcom.jpg"><img alt="thegarlandmessengerDOTcom" class="alignnone size-large wp-image-1777" height="400" src="http://www.codepolitan.com/wp-content/uploads/2014/09/thegarlandmessengerDOTcom-600x400.jpg" width="600" /></a></p>\r\n\r\n<p style="text-align: center;">(Sumber gambar: www.thegarlandmessenger.com)</p>\r\n\r\n<p>Robot ini dirancang untuk anak-anak penderita autis atau anak-anak yang memiliki kebutuhan khusus lainnya. Robokind Milo ini dapat menunjukan ekspresi ketakutan, bahagia, ataupun kesedihan. Motor penggerak pada wajah didesain dengan bahan seperti kulit sehingga tidak tampak kaku dalam mengespresikan wajah robot tersebut.</p>\r\n\r\n<p>Robot ini juga mampu merespon dan menganalisis keluhan anak-anak dengan cara menganalisis pola wajah yang diberikan. Milo dengan tingginya 22 inchi dan memiliki 22 gerakan yang berbeda termasuk menggelengkan kepala atau mengangkat lengan yang menunjukan ekpresi kegembiraan.</p>\r\n\r\n<p>Ok untuk tahu lebih lanjut bisa cekidot di sini <a href="http://www.robots4autism.com/">http://www.robots4autism.com/</a>.</p>\r\n\r\n<p><strong>6. </strong><strong>Zimplitic Rotimatic</strong></p>\r\n\r\n<p style="text-align: center;"><a href="http://www.codepolitan.com/wp-content/uploads/2014/09/rotimaticDOTcom.jpg"><img alt="rotimaticDOTcom" class="alignnone size-large wp-image-1779" height="273" src="http://www.codepolitan.com/wp-content/uploads/2014/09/rotimaticDOTcom-600x273.jpg" width="600" /></a></p>\r\n\r\n<p style="text-align: center;">(Sumber gambar: www.rotimatic.com</p>\r\n\r\n<p>Zimplitic Rotimatic merupakan tren terbesar dalam dunia robotika yang mampu membantu memecahkan masalah terutama dalam pembuatan makanan. Konon banyak orang yang suka sekali memakan flatbreads (sejenis pizza), nah mesin inilah solusinya. Karena mesin ini mampu mengidentifikasi setiap ketebalan roti yang pas dengan sangat cepat, 1 roti per menit.</p>\r\n\r\n<p>Ok cekidot ajah <a href="https://rotimatic.com/" title="cekidot">https://rotimatic.com/</a>.</p>\r\n\r\n<p><strong>7. </strong><strong>Ecovacs Winbot</strong></p>\r\n\r\n<p style="text-align: center;"><a href="http://www.codepolitan.com/wp-content/uploads/2014/09/EcovacsDOTcom.jpg"><img alt="EcovacsDOTcom" class="alignnone size-large wp-image-1780" height="273" src="http://www.codepolitan.com/wp-content/uploads/2014/09/EcovacsDOTcom-600x273.jpg" width="600" /></a></p>\r\n\r\n<p style="text-align: center;">(Sumber gambar: www.ecovacs.com)</p>\r\n\r\n<p>Ecovacs Winbot merupakan robot pembersih jendela yang cukup efektif dan hasilnya tentu memuaskan. Namun robot ini masih memerlukan bantuan manusia dalam pengerjaannya karena sistem kerjanya meski diletakan di kaca yang akan dibersihkan yang sebelumnya telah dilumuri caira pembersih kaca kemudian robot ini akan langsung membersihkannya. Walaupun masih sedikit manual tapi cukup untuk menghemat tenaga bukan. Buat kamu yang ingin memilikinya robot ini dibandrol dengan harga $400 per robotnya, Mau?</p>\r\n\r\n<p>Cekidot robot ini di&nbsp;<a href="http://www.ecovacs.com/bot/Winbot-Winbot%207%20Series.html" target="_blank" title="cekidot">http://www.ecovacs.com/bot/Winbot-Winbot 7 Series.html</a></p>\r\n\r\n<p>Nah begitulah kira-kira sedikit informasi tentang perkembangan robot di dunia, semoga bermanfaat dan dapat menjadikan motivasi buat kita agar juga bisa menciptakan hal-hal baru, di mana hal baru tersebut nantinya dapat berguna bagi orang banyak, baik kancah nasional apalagi hingga kancah Internasional. Always creative &amp; always think smart ya guys! Terimakasih, salam nyankoders!~~</p>\r\n\r\n<p>Referensi:</p>\r\n\r\n<p>1. http://www.foxnews.com/tech/2014/07/25/6-smart-robots-taking-over-world/<br />\r\n2. http://www.robotc.net/download/<br />\r\n3. http://en.wikipedia.org/wiki/Robot<br />\r\n4. http://en.wikipedia.org/wiki/ASIMO<br />\r\n<br />\r\nsumber : http://www.codepolitan.com/saatnya-robot-mengambil-alih/</p>\r\n</div>\r\n', '2015-03-09 13:55:59', '0000-00-00 00:00:00', '2015-03-09 13:55:59', '', 2),
(20, 1, 1, 'Sepenggal Cerita Andy Rubin, Pencipta Android', 'sepenggal_cerita_andy_rubin,_pencipta_android', 'Sepenggal Cerita Andy Rubin, Pencipta Android', '<div class="content-article margin-lg-top">\r\n<p>Seperti yang kita ketahui saat ini di dunia, Android memiliki jangkauan pasar yang sangat luas. Sehingga penggunaan <em>smartphone</em> tidak hanya didominasi oleh golongan atas saja. Golongan menengah dan menengah ke bawah pun dapat memiliki <em>smartphone</em> yang digunakannya untuk berbagai keperluan sehari &ndash; hari. Dengan Android ini, seseorang dapat memanfaatkan <em>maps</em>, <em>voice recognition interface</em>, mengolah dokumen / presentasi / <em>spreadsheet</em>, memainkan <em>game</em> 3D yang beresolusi tingi, memanfaatkan berbagai sensor seperti <em>accelerometer</em>, <em>multitouch</em>, dan <em>global positioning system</em>.</p>\r\n\r\n<p>Saat kemunculan pertama kalinya, Android tidak berada dibawah akuisisi Google. Android sendiri dikelola oleh pendirinya yaitu Andy Rubin. Setelah berdiri cukup lama, Android akhirnya diakuisisi oleh Google pada 17 Agustus 2005. Sistem operasi <em>mobile</em> yang didukung oleh kernel Linux ini juga berada di bawah pengelolaan oleh sebuah lembaga yang bernama Open Handset Alliance. Sebuah lembaga yang menaungi berbagai vendor <em>handset</em> dan layanan <em>mobile</em>. Andy memiliki nama lengkap Andrew E. Rubin, tinggal di Chappaqua, New York, Amerika Serikat. Selain memiliki Android, Andy memiliki juga perusahaan yang bernama Danger Inc. Andy merupakan lulusan ilmu komputer dari Utica College.</p>\r\n\r\n<div class="wp-caption aligncenter" id="attachment_1657" style="width: 240px"><a href="http://www.codepolitan.com/wp-content/uploads/2014/08/andy-rubin-2.jpg"><img alt="Andy Rubin (sumber: Phandroid)" class="size-full wp-image-1657" height="250" src="http://www.codepolitan.com/wp-content/uploads/2014/08/andy-rubin-2.jpg" width="230" /></a>\r\n\r\n<p class="wp-caption-text">Andy Rubin (sumber: Phandroid)</p>\r\n</div>\r\n\r\n<p>Sebelum hijrah ke Google bersama Androidnya, Andy tergabung di Danger, WebTV, General Magic, dan tentu saja Android. Kemudian setelah bergabung dengan Google, Andy menjadi Senior Vice President of Mobile. Selama menjabat sebagai Senior Vice President of Mobile berkesempatan untuk mengisi acara yang diselenggarakan Google, seperti Google I/O dan Google Developer Day. Pada 13 Maret 2013, Google mengumumkan bahwa Andy Rubin dipindahkan ke projek Google lainnya yang akhirnya digantikan oleh Sundar Pichai sebagi kepala pengembangan Android dan Chrome yang baru. Pada Desember 2013, Andy dipercaya kembali oleh Google untuk mengelola perusahan robotika yang telah dibeli oleh Google, seperti Boston Dynamics. Selama karirnya Andy memiliki banyak paten yang telah diresmikan oleh lembaga pat</p>\r\n\r\n<div class="wp-caption aligncenter" id="attachment_1656" style="width: 230px"><a href="http://www.codepolitan.com/wp-content/uploads/2014/08/andy-rubin-1.jpg"><img alt="Andy Rubin (sumber: wikipedia)" class="size-full wp-image-1656" height="293" src="http://www.codepolitan.com/wp-content/uploads/2014/08/andy-rubin-1.jpg" width="220" /></a>\r\n\r\n<p class="wp-caption-text">Andy Rubin (sumber: wikipedia)</p>\r\n</div>\r\n\r\n<p>en Amerika Serikat. Tentunya mayoritas paten yang dimiliki Andy berhubungan dengan <em>handset mobile</em>, diantaranya adalah paten untuk <em>accelerometer</em>, <em>device authentication</em>, <em>bandwith management</em>, dan lainnya.</p>\r\n\r\n<p>Andy juga memiliki sebuah motto yang cukup menginspirasi. Begini bunyinya, &ldquo;<em>I have a history of making my hobbies into a career.</em>&rdquo;</p>\r\n\r\n<p>(rfs/wikipedia/theverge)<br />\r\n<br />\r\nsumber : http://www.codepolitan.com/sepenggal-cerita-andy-rubin-dan-android/</p>\r\n</div>\r\n', '2015-03-09 14:03:53', '2015-03-09 14:04:37', '2015-03-09 14:03:53', '', 3);
INSERT INTO `rpl_thread` (`id_thread`, `category_id`, `user_id`, `title`, `url_title`, `desc_title`, `content`, `date_add`, `date_edit`, `date_last_post`, `image`, `counter`) VALUES
(21, 1, 4, 'Programmer Wanita Idaman Para Pria', 'programmer_wanita_idaman_para_pria', 'Programmer Wanita Idaman Para Pria', '<div class="content-article margin-lg-top">\r\n<p><em>Programmer </em>paling kerap dipandang sebelah mata dalam urusan percintaan. Bagaimana tidak, profesi yang mayoritas didominasi oleh seorang pria ini (berdasarkan pernyataan <strong><em>Sara Chipps </em></strong>dilansir dari &ldquo;inet.detik.com&rdquo; 91% <em>developer</em> termasuk <em>programmer </em>di dunia itu adalah para pria) sering dipanggil dengan sebutan &ldquo;manusia kaku&rdquo; yang selalu dekat dengan komputer dan juga penguasa permainan logika. Menakhlukan hati seorang wanita merupakan tantangan tersulit yang harus mereka hadapi. Apa benar demikian?? Silahkan dijawab sendiri.</p>\r\n\r\n<p>Meskipun ada yang sering bilang bahwa &ldquo;<em>kalau jodoh tidak akan kemana&rdquo;</em> tapi apa kita harus pasrah? Diam saja tanpa ada usaha yang nyata. Dan apalagi setelah ada istilah baru yaitu &ldquo;kejarlah jodoh, kau ku tangkap&rdquo;(lho istilah siapa ini??) apakah kalian tetap mengelak untuk mencari jodoh tanpa usaha?? (kayaknya sambil emosi nih nulisnya??)..hehehe biar dramatis&hellip;.</p>\r\n\r\n<p>Dalam memilih seorang wanita idaman hati, para pria pada umumnya mempunyai beberapa persyaratan yang mesti dipenuhi. Contohnya sebagai berikut:</p>\r\n\r\n<ol>\r\n	<li>Paras cantik (tidak cantik juga boleh, asalkan pas :)..)</li>\r\n	<li>Tidak matre (matre boleh tapi jangan &ldquo;Ter-la-lu&rdquo;)</li>\r\n	<li>Mau menerima kita apa adanya (bukan malah &ldquo;ada apanya&rdquo;)</li>\r\n	<li>Bisa memberikan semangat hidup</li>\r\n	<li>Bisa mengerti</li>\r\n	<li>Dan lain-lain(tambah sendiri&hellip;..)</li>\r\n</ol>\r\n\r\n<p>Bukan hanya pria, seorang wanita pun juga memiliki beberapa persyaratan dalam menentukan pria idaman hatinya. Dan pasti juga tidak akan jauh berbeda dengan persyaratan yang diberikan oleh para pria, tetapi &ldquo;mungkin&rdquo; memiliki beberapa tambahan yang mesti terpenuhi dalam diri pria tersebut. Berikut tambahan yang sangat mungkin harus ada dalam diri seorang pria idaman para wanita:</p>\r\n\r\n<ol>\r\n	<li>Pria harus mau mengalah (walaupun wanita yang salah :)..)</li>\r\n	<li>Tidak berperangai kasar (pada nyengir <em>programmer</em> sambil bilang &ldquo;ini gue banget brow&rdquo; gimana mau kasar ngomong aja jarang hehehe)</li>\r\n	<li>Selalu SIAGA alias Siap Antar Jaga (wah yang ini syarat terberat bagi para <em>programmer</em>)</li>\r\n	<li>Mau diajak belanja ke pasar (apalagi ini??kenapa harus ke pasar?, OL-Shop kan banyak)</li>\r\n	<li>Dan lain-lain lagi (tambah sendiri juga yaa)</li>\r\n</ol>\r\n\r\n<p>Nah dari semua itu, apakah <em>programmer</em> juga menentukan syaratnya dalam memilih pasangan idaman hatinya?</p>\r\n\r\n<p>Jawabannya saya yakin &ldquo;iya, tentu punya kriteria dalam memilih pasangan hidup&rdquo;</p>\r\n\r\n<p>&ldquo;<em>Programmer</em> juga manusia&rdquo; tentunya sama seperti manusia pada umumnya ingin dimengerti dan juga ingin dikasih karena itu adalah kodratnya sebagai manusia. Kalau secara spesifik, itu tergantung pribadi masing-masing.</p>\r\n\r\n<p>Namun, dilihat dari beberapa watak &amp; kebiasaan para <em>programmer </em>(pria khususnya) serasa sangat jauh sekali dari harapan untuk dijadikan &ldquo;pria idaman&rdquo; bagi para wanita (wah ngece ini! haha). Beberapa sifat <em>programmer </em>yang umum dimiliki di antaranya:</p>\r\n\r\n<ol>\r\n	<li>Suka tidak ingat semua hal ketika sedang <em>coding</em> (kecuali ibadah, sholat &amp; <em>codingan-</em>nya)</li>\r\n	<li>Kadang-kadang suka bengong (mikirin bugs yang ada di<em>codingan</em>-nya)</li>\r\n	<li>Tiba-tiba berteriak sendiri (&ldquo;Owh itu!!&rdquo; saat tahu kenapa ada bugs dalam <em>codingnya</em>)</li>\r\n	<li>Suka pusing sendiri (aduh pusing, banyak <em>deadline </em>bro)</li>\r\n	<li>Ditelponin atasan, harus menyelesaikan <em>project</em> (aduh pusing lagi bro haha)</li>\r\n</ol>\r\n\r\n<p>Itu semua yang menyebabkan para <em>beauty ladies</em> menjauh <em>guys</em>, <em>so</em> sekarang perlu berhati-hati dalam meluapkan emosi untuk menjalankan karakter sebagai seorang <em>programmer</em> di depan para <em>ladies</em>.</p>\r\n\r\n<p>Tapi jangan khawatir, bagi <em>programmer </em>yang belum sanggup untuk menyembunyikan karakternya. Masih ada kok wanita yang bisa diajak ngobrol serius dan pasti nyambung tanpa harus menyembunyikan sifat asli kalian, karena dia seprofesi dan mungkin bisa kalian jadikan referensi dalam memilih seorang pasangan hidup nantinya. Atau yang bukan <em>programmer </em>juga boleh ngarep bisa jadi pasangan hidup para wanita ini atau sekedar cari referensi juga, pantengin aja yaa hehehe. <em>This the important point!</em></p>\r\n\r\n<p>Dari pernyataan &ldquo;<em>Sara chipps&rdquo;</em> di atas bahwa mayoritas <em>developer</em> di dunia adalah pria yaitu sebanyak 91%. Tentunya bisa disimpulkan bahwa masih ada wanita yang berprofesi sebagai <em>programmer</em> dan <em>developer</em> di muka bumi ini sebanyak 9%. Dan siapa tahu mungkin salah satu dari mereka merupakan tipe orang yang kalian cari.</p>\r\n\r\n<p>Oke langsung saja ya, berikut ini merupakan <strong>7 wanita cantik yang terkenal</strong> dengan profesi sebagai <em>programmer</em> dan juga <em>developer</em>. <em>Cekidot!</em></p>\r\n\r\n<p><strong>1. Leah Culver</strong></p>\r\n\r\n<p><a href="http://www.codepolitan.com/wp-content/uploads/2014/06/leah.jpg"><img alt="leah" class="alignnone size-medium wp-image-717" height="350" src="http://www.codepolitan.com/wp-content/uploads/2014/06/leah-278x350.jpg" width="278" /></a></p>\r\n\r\n<p>Bro bro! ini ni <em>programmer</em> wanita yang akan kita bahas duluan. Namanya Leah Culver,wanita yang sekarang menginjak usia kurang lebih 31 tahun ini merupakan lulusan dari University of Minnesota dengan jurusan ilmu komputer pada tahun 2006 lalu. <em>Programmer </em>wanita yang masih cukup cantik di usianya tersebut ternyata cukup berpengaruh dan pernah masuk di dalam daftar Most Influential Women in Web 2.0 dari majalah teknologi Fast Company.</p>\r\n\r\n<p><strong>2.</strong> <strong>Corine Yu</strong></p>\r\n\r\n<p><a href="http://www.codepolitan.com/wp-content/uploads/2014/06/Chorin-Yu_photo.png"><img alt="Chorin Yu_photo" class="alignnone size-medium wp-image-718" height="350" src="http://www.codepolitan.com/wp-content/uploads/2014/06/Chorin-Yu_photo-285x350.png" width="285" /></a></p>\r\n\r\n<p><em>The second ladies</em> ini adalah wanita berdarah <em>China</em>, dia begitu menyukai dunia <em>gaming</em>, bukan karena hobi memainkannya tapi karena dia adalah &ldquo;<em>pembuat aplikasi game</em>&rdquo; (keren banget). Yu begitu sapaannya, ternyata adalah wanita pertama yang menjabat sebagai <em>Technical Lead</em>di<em> Microsoft Game Studios</em>. Dia juga termasuk pendiri <em>Microsoft&rsquo;s Direct 3D Advisory Board</em>.</p>\r\n\r\n<p>Bukan hanya itu, Yu juga adalah seorang <em>Principal Engine Architecht</em> di Halo, yang merupakan salah satu <em>video game</em> paling populer di Xbox. Dia terlibat dalam pengembangan fitur baru di <em>game</em> Halo versi terbarunya. Pada tahun 2010, dia termasuk dalam daftar 10 wanita paling berpengaruh di dunia <em>game</em> dalam media teknologi <em>Kotaku</em>. Begitulah paparan tentang Yu berdasarkan referensi yang saya ambil.</p>\r\n\r\n<p><strong>3. Sara Haider</strong></p>\r\n\r\n<p><a href="http://www.codepolitan.com/wp-content/uploads/2014/06/Sara-Haider_photo.png"><img alt="Sara Haider_photo" class="alignnone size-medium wp-image-720" height="350" src="http://www.codepolitan.com/wp-content/uploads/2014/06/Sara-Haider_photo-285x350.png" width="285" /></a></p>\r\n\r\n<p><em>Ladies</em> berikutnya ini bernama Sara Haider. <em>Programmer</em> wanita berkebangsaan Kanada ini lulus dari University of Waterloo dengan jurusan <em>Software Engineering and Cognitive Science</em>. Wanita nan cantik ini juga merupakan wanita berdarah pakistan, yang ternyata pernah bekerja di situs jejaringan sosial berlambangkan burung yang biasa kita kenal dengan sebutan <em>twitter</em> yaitu di bagian pengembangan <em>software</em>. Dan kemudian Sara diberikan tanggungjawab oleh twitter dalam pengembangan aplikasi <em>Twitter for Android</em>.</p>\r\n\r\n<p>Dari sekilas beberapa perannya tersebut, tidak dipungkiri bahwa wanita ini sangat-sangat benar bila kita sebut sebagai <em>programmer</em> wanita yang paling berpengaruh di dunia IT, karena twitter yang hampir seluruh dunia menggunakannya mempercayakan Sara sebagai salah satu pengembang aplikasinya. Wow!! udah cantik <em>programmer</em> pula, mana tahaaaan. Hahaha.</p>\r\n\r\n<p><strong>4. Jade Raymond</strong></p>\r\n\r\n<p><a href="http://www.codepolitan.com/wp-content/uploads/2014/06/Jade_photo.png"><img alt="Jade_photo" class="alignnone size-medium wp-image-724" height="350" src="http://www.codepolitan.com/wp-content/uploads/2014/06/Jade_photo-285x350.png" width="285" /></a></p>\r\n\r\n<p>Ada yang pernah mendengar game <em>Assasin&rsquo;s Creed</em>? Pastinya pernah lah walaupun mungkin belum tentu pernah memainkannya (kalau saya sih udah pernah mainin-pamer). <em>Game</em> yang begitu seru dan menegangkan dalam setiap petualangannya ternyata pembuat dan pemiliknya adalah seorang wanita <em>guys</em>, <em>gile gat tuh</em> hihihi. Jade Raymond itulah nama wanita tersebut. Dia kabarnya adalah wanita blasteran Australia, China, dan Kanada (kok ga ada Indonesianya yaaa) walaupun asalnya dari kanada. Dan ternyata, Jade ini adalah <em>Managing Director</em> di perusahaan <em>game</em> tenar Ubisoft.</p>\r\n\r\n<p>Wanita ini juga menjadi produser <em>game </em>yang populer semacam The Sims <em>Online</em> sampai yang saya tadi katakan di awal yaitu Assasin&rsquo;s Creed. Konon katanya, karena dia selalu tampil begitu menawan dan itu menjadikannya memiliki banyak fans. Jade adalah lulusan McGill University jurusan ilmu komputer. Owh iya sebelum ke Ubisoft dia juga pernah bekerja di Sony lho.</p>\r\n\r\n<p><strong>5. Sara Chipps</strong></p>\r\n\r\n<p><a href="http://www.codepolitan.com/wp-content/uploads/2014/06/Chipps_photo.png"><img alt="Chipps_photo" class="alignnone size-medium wp-image-725" height="350" src="http://www.codepolitan.com/wp-content/uploads/2014/06/Chipps_photo-285x350.png" width="285" /></a><br />\r\nNah ini wanita yang pada <em>mukodimah</em> telah disebutkan yaitu Sara Chipps, Dia sangat menyayangkan kenapa para wanita di dunia ini sangat sedikit sekali yang berminat untuk berkecimpung di dunia <em>IT</em> yaitu hanya 9% menurutnya.</p>\r\n\r\n<p>Berdasarkan sumber, dia adalah wanita yang paling ingin sekali menggerakan para hati wanita untuk menggeluti dunia teknologi. Tidak main-main dengan keinginannya itu, Sara pun mendirikan sebuah perusahaan dan <em>website</em>nya yang bernama <em>Girl Develop It</em> yang bertujuan untuk mendorong dan memberi ilmu pada wanita untuk berkecimpung di dunia pemrograman. Haduh&hellip;haduh ambisi sekali ternyata, tapi bagus ya usahanya&hellip;hehehe&hellip;</p>\r\n\r\n<p><strong>6. Amanda Uiksted</strong></p>\r\n\r\n<p><a href="http://www.codepolitan.com/wp-content/uploads/2014/06/Amanda_photo.png"><img alt="Amanda_photo" class="alignnone size-medium wp-image-727" height="350" src="http://www.codepolitan.com/wp-content/uploads/2014/06/Amanda_photo-285x350.png" width="285" /></a></p>\r\n\r\n<p>Ada yang ga kenal game FarmVille?? Waktu saya kuliah dulu pernah mainin game ini dan ini seru banget, terutama bagi anak seorang petani tulen seperti saya (malah curhat). Amanda senyummu yang manis sekali itu membuat aku klepek-klepek (lho eh malah ngegombal, lanjutkan!). Oke di lajeng, ternyata pendiri sekaligus manager club game FarmVille tersebut adalah si Amanda Uiksted ini, <em>oh my God</em> wanita yang membuat <em>game</em>nya <em>kalah aku mak</em>.</p>\r\n\r\n<p>Amanda lebih banyak berkecimpung di aplikasi <em>mobile</em>. Pekerjaan Amanda ini adalah sebagai seorang konsultan dan manajer di beberapa perusahaan besar dalam bidang komputer.</p>\r\n\r\n<p><strong>7. Tracy Chu</strong></p>\r\n\r\n<p><a href="http://www.codepolitan.com/wp-content/uploads/2014/06/Tracy_photo.png"><img alt="Tracy_photo" class="alignnone size-medium wp-image-729" height="170" src="http://www.codepolitan.com/wp-content/uploads/2014/06/Tracy_photo-350x170.png" width="350" /></a></p>\r\n\r\n<p>Wew, awas mba ular, nanti ngegigit lho, kan bisa atit! (yaaaaaaaaah &ndash; gariiiiiing hahaha). Ini wanita terakhir yang akan kita bahas yaitu Tracy Chu. Dia adalah <em>programmer </em>wanita pecinta ular (Ular apa nih..hihihi), prestasinya juga tidak kalah dari <em>programmer</em>-<em>programmer</em> wanita sebelumnya.</p>\r\n\r\n<p>Tracy sudah lama bergelut di dunia pemrograman, terutama yang berhubungan dengan dunia maya (baca <em>Internet</em>) dan juga media social. Tracy juga berkontribusi besar dalam pengembangan Google, facebook dan Quora. Dia juga bekerja di Pinterest sebagai seorang <em>programmer</em>.</p>\r\n\r\n<p>Tracy ini adalah <em>programmer</em> wanita lulusan jurusan teknik elektro dan juga mengambil gelar master jurusan ilmu komputer di Stanford university. Pas banget sih dengan background lulusannya, jadi tidak diherankan lagi kalau tracy ini adalah seorang <em>programmer </em>handal.</p>\r\n\r\n<p>Nah <em>guys</em>, dari ke 7 wanita di atas ada yang minat?? Atau masih belum ada yang percaya dengan sesama <em>programmer</em> dalam hubungan percintaan? Atau jangan-jangan masih menunggu si doi datang sendiri secara tiba-tiba?. Haduuh&hellip;haduuuh, sayang sekali ya, mereka cantik-cantik lho.</p>\r\n\r\n<p>Ya sudahlah terlepas dari itu semua semoga informasi ini bermanfaat. Dan saya doakan semoga para nyankoders semua dapat jodoh yang baik dari <em>Sang Maha Kuasa, </em>dan tetap terus meningkatkan skill serta terus berkarya dalam dunia <em>teknologi dan science.</em> Biar bangsa ini semakin maju dengan teknologinya dan sumber daya manusianya (SDM). <em>See You!</em></p>\r\n\r\n<p>&nbsp;</p>\r\n\r\n<p><strong>Sumber:</strong> <em>inet.detik.com</em>, <cite class="_Zd bc">www.vemale.com</cite></p>\r\n</div>\r\n', '2015-03-09 14:15:08', '0000-00-00 00:00:00', '2015-03-09 14:15:08', '', 2),
(22, 1, 6, '6 Programmer Yang Merupakan Musisi Profesional', '6_programmer_yang_merupakan_musisi_profesional', '6 Programmer Yang Merupakan Musisi Profesional', '<p>Musisi dan <em>programmer</em> merupakan dua profesi yang sangat berbeda. Seorang musisi biasanya memiliki sebuah karya berupa lagu atau instrumen. Sedangkan <em>programmer</em> memiliki karyanya berupa <em>framework</em>, <em>library</em>, atau <em>software</em>. Seorang musisi menggunakan alat musik untuk menghasilkan karyanya. Dan seperti yang kita tahu tentu banyak sekali alat musik yang ada seperti gitar, biola, piano, drum, bass, clarinet, dan lainnya. Seorang <em>programmer</em> menggunakan alat &ndash; alat seperti <em>compiler</em>, <em>text editor</em>, <em>integrated development environment</em>, <em>web framework</em>, <em>software development kit</em>, dan alat &ndash; alat lainnya yang digunakan untuk menghasilkan sebuah <em>software</em>.</p>\r\n\r\n<p>Pada umumnya seseorang biasa menekuni di salah satunya. Mungkin menjadi seorang musisi atau programmer. Nah bagaimana jadinya bila seorang <em>programmer</em> merupakan musisi profesional ?. Berikut adalah beberapa <em>programmer</em> yang merupakan seorang musisi profesional juga:</p>\r\n\r\n<ol>\r\n	<li><strong>Rick Ellis,</strong><br />\r\n	Ada yang tidak mengetahui siapakah Rick ?. Rick Ellis adalah pendiri EllisLab Inc. dan merupakan seorang pencipta PHP <em>web framework</em>, CodeIgniter. Selain itu Rick merupakan pencipta dari ExpressionEngine, sebuah <em>content management system</em> yang dibangun menggunakan CodeIgniter. Seperti yang dikutip dari Bitwise Magazine, Rick sempat menjadi musisi, teknisi rekaman, dan saat itu pula merupakan CEO dari pMachine. Ketika menjalani karirnya sebagai pemusik, Rick menyempatkan waktu untuk mempelajari alat &ndash; alat yang biasa digunakan untuk <em>web development</em> seperti HTML, Photoshop, Illustrator, dan Javascript. Kemudian di tahun 2001 Rick pergi ke Jepang untuk menangani projek musik untuk Disney dan di waktu luangnya Rick membuat <em>content management system</em> yang sederhana\r\n\r\n	<p>&nbsp;</p>\r\n\r\n	<p>&nbsp;</p>\r\n\r\n	<div class="wp-caption aligncenter" id="attachment_671" style="width: 360px"><a href="http://www.codepolitan.com/wp-content/uploads/2014/06/rick_ellis.jpg"><img alt="Ricki Ellis (sumber: http://www.bitwisemag.com/)" class="size-medium wp-image-671" height="241" src="http://www.codepolitan.com/wp-content/uploads/2014/06/rick_ellis-350x241.jpg" width="350" /></a>\r\n\r\n	<p class="wp-caption-text">Ricki Ellis (sumber: http://www.bitwisemag.com/)</p>\r\n	</div>\r\n	</li>\r\n	<li><strong>Alexander Zolotov,</strong><br />\r\n	Mungkin belum banyak yang tahu soal <em>programmer</em> yang satu ini. Berdomisili di Ekateringburg, Russia, Alex merupakan pencipta dari SunVox, sebuah <em>software</em> untuk menciptakan midi yang tersedia untuk berbagai <em>platform</em> seperti Windows, Linux, Mac, PalmOS, dan BSD. Bukan hanya menciptakan SunVox, Alex juga mempunyai karya lain seperti Pixilang, sebuah sintaks untuk menciptakan midi. Kemudian ada juga karya lainnya seperti Virtual ANS, PixiTracker, PixiVisor, dan PhonoPaper. Selain gemar dengan musik dan <em>programming</em>, Alex menggemari juga seni grafis dan Unix. Itulah yang membuat Alex dapat membuat sebuah <em>software</em> handal untuk musik seperti SunVox. Anda dapat menjumpainya disini: <a href="http://www.warmplace.ru/about.php">http://www.warmplace.ru/about.php</a>\r\n	<p>&nbsp;</p>\r\n\r\n	<p>&nbsp;</p>\r\n\r\n	<div class="wp-caption aligncenter" id="attachment_669" style="width: 360px"><a href="http://www.codepolitan.com/wp-content/uploads/2014/06/35319_112598518788765_4439295_n.jpg"><img alt="Alexander Zolotov (sumber: http://facebook.com/nightradio)" class="size-medium wp-image-669" height="262" src="http://www.codepolitan.com/wp-content/uploads/2014/06/35319_112598518788765_4439295_n-350x262.jpg" width="350" /></a>\r\n\r\n	<p class="wp-caption-text">Alexander Zolotov (sumber: http://facebook.com/nightradio)</p>\r\n	</div>\r\n	</li>\r\n	<li><strong>Karl Kostoff,</strong><br />\r\n	Seperti yang dikutip dari Washington Post, Karl Kostoff merupakan anggota National Symphony Orchestra. Beliau merupakan seorang pemain biola di orkestra tersebut. Kemudian setelah berhenti dari orkestra, Karl bekerja sebagai <em>programmer</em> di John Hopkins University Applied Physics Laboratory. Beliau tergabung di okestra dari 1952 &ndash; 1956 kemudian bergabung dengan Applied Physics Laboratory sampai 1987. Saat itu Karl tergabung dalam projek <em>missile-guidance systems</em> untuk Angkatan Laut\r\n	<p>&nbsp;</p>\r\n\r\n	<p>&nbsp;</p>\r\n\r\n	<div class="wp-caption aligncenter" id="attachment_668" style="width: 360px"><a href="http://www.codepolitan.com/wp-content/uploads/2014/06/6a00d83453b09469e20133f4399564970b.jpg"><img alt="Karl Kostoff (ditengah, sumber: http://baltimore21201.typepad.com)" class="size-medium wp-image-668" height="289" src="http://www.codepolitan.com/wp-content/uploads/2014/06/6a00d83453b09469e20133f4399564970b-350x289.jpg" width="350" /></a>\r\n\r\n	<p class="wp-caption-text">Karl Kostoff (ditengah, sumber: http://baltimore21201.typepad.com)</p>\r\n	</div>\r\n	</li>\r\n	<li><strong>Adrian Holovaty,</strong><br />\r\n	Adrian merupakan salah satu pencipta dari Django, sebuah <em>web framework</em> untuk Python. Dulunya Adrian merupakan seorang jurnalis. Bersama temannya Jacob Kaplan Moss kemudian mereka menciptakan Django. Selain menjalani keseharian sebagai <em>Benevolent Dictator of Life</em> untuk Django, Adrian mempunyai album musiknya sendiri. Album tersebut tersedia di di <em>website</em> pribadinya dan YouTube. Adrian memainkan <em>genre</em> musik Swing dan Gypsy-Jazz. Adrian sering tampil manggung bersama <em>band</em> dengan <em>genre</em> sejenis di Chicago. Selain itu Adrian memiliki <em>band</em> dengan nama Gipsy Trio\r\n	<p>&nbsp;</p>\r\n\r\n	<p>&nbsp;</p>\r\n\r\n	<div class="wp-caption aligncenter" id="attachment_670" style="width: 360px"><a href="http://www.codepolitan.com/wp-content/uploads/2014/06/adrian-holovaty.jpg"><img alt="Adrian Holovaty (sumber: http://www.marketingshift.com/)" class="size-medium wp-image-670" height="252" src="http://www.codepolitan.com/wp-content/uploads/2014/06/adrian-holovaty-350x252.jpg" width="350" /></a>\r\n\r\n	<p class="wp-caption-text">Adrian Holovaty (sumber: http://www.marketingshift.com/)</p>\r\n	</div>\r\n	</li>\r\n	<li><strong>Rusty Klophaus,</strong><br />\r\n	Rusty Klophaus merupakan pembuat dan <em>lead maintainer</em> dari Nitrogen, sebuah <em>web framework</em> untuk Erlang. Selama karirnya sebagai seorang <em>programmer</em>, Klophaous merupakan musisi profesional di Philadelphia.\r\n	<p>&nbsp;</p>\r\n\r\n	<p>&nbsp;</p>\r\n\r\n	<div class="wp-caption aligncenter" id="attachment_672" style="width: 360px"><a href="http://www.codepolitan.com/wp-content/uploads/2014/06/rusty_euc_medium_square.png"><img alt="Rusty Klophaus (sumber: http://pbs.twimg.com/)" class="size-medium wp-image-672" height="350" src="http://www.codepolitan.com/wp-content/uploads/2014/06/rusty_euc_medium_square-350x350.png" width="350" /></a>\r\n\r\n	<p class="wp-caption-text">Rusty Klophaus (sumber: http://pbs.twimg.com/)</p>\r\n	</div>\r\n	</li>\r\n	<li><strong>Will.I.Am,</strong><br />\r\n	Siapa yang tak kenal dengan Will.I.Am. Salah satu personil dari grup musik Black Eyed Peas ini, diam &ndash; diam mulai mempelajari <em>programming</em> dan mencoba mengikuti kelas <em>programming</em> dan membuat <em>website</em> di salah satu penyedia kursus <em>online</em> untuk <em>programming</em>. Menurut Examiner, Will.I.Am sudah mencoba membangun sebuah perusahaan <em>software</em> sekitar 3 tahun ini. Will.I.Am ingin mengkampanyekan bahwa <em>programming</em> itu penting karena tanpa <em>programming</em> tidak akan tercipta <em>entertainment</em> terutama untuk anak &ndash; anak agar mengenal <em>programming</em> sejak dini\r\n	<p>&nbsp;</p>\r\n\r\n	<p>&nbsp;</p>\r\n\r\n	<div class="wp-caption aligncenter" id="attachment_673" style="width: 360px"><a href="http://www.codepolitan.com/wp-content/uploads/2014/06/will-i-am.jpg"><img alt="Will.I.Am (sumber: http://www.digitaltrends.com/)" class="size-medium wp-image-673" height="189" src="http://www.codepolitan.com/wp-content/uploads/2014/06/will-i-am-350x189.jpg" width="350" /></a>\r\n\r\n	<p class="wp-caption-text">Will.I.Am (sumber: http://www.digitaltrends.com/)</p>\r\n	</div>\r\n	</li>\r\n</ol>\r\n\r\n<p>(rfs/washintonpost/bitwisemagazine/erlangfactory/examiner)<br />\r\n<br />\r\nsumber : http://www.codepolitan.com/6-programmer-yang-juga-seorang-musisi-profesional/</p>\r\n', '2015-03-09 14:17:42', '0000-00-00 00:00:00', '2015-03-09 14:17:42', '', 4),
(23, 24, 1, 'Android One : Hack For Impact', 'android_one_:_hack_for_impact', 'Android One : Hack For Impact', '<div style="text-align:center"><span style="font-family:arial,helvetica,sans-serif"><img class="CToWUd" height="73" src="https://ci5.googleusercontent.com/proxy/nMmUwagCVG5R5M2GrCJ-2GrZ5qUHCdVI8Q5vCufhfl99u574ZFL1smNsIG676ENRW-6p7y_fz4g5S3Xi5r8_KxQp3SP7bZ1qzgGw5X-xxRSo2WlSf9SUj9Zc3uE=s0-d-e1-ft#http://drive.google.com/uc?export=view&amp;id=0B9ySciz6mbSCZnhkUnBiSWY4MkU" width="454" /></span><br />\r\n&nbsp;</div>\r\n\r\n<p dir="ltr" style="line-height:1.38;margin-top:0pt;margin-bottom:0pt"><span><font face="arial, helvetica, sans-serif"><span style="color:rgb(0,0,0);vertical-align:baseline;white-space:pre-wrap;background-color:transparent">Are you a developer that want to contribute in solving social problems through technology?</span></font></span></p>\r\n\r\n<p>&nbsp;</p>\r\n\r\n<p dir="ltr" style="line-height:1.38;margin-top:0pt;margin-bottom:0pt"><span><font face="arial, helvetica, sans-serif"><span style="color:rgb(0,0,0);vertical-align:baseline;white-space:pre-wrap;background-color:transparent">Join us on Android One Hack for Impact: a competition for developers to create meaningful mobile apps on Android platform, using Indonesia Portal Data to solved three main problems of Jakarta: health, education, and public transportation.</span></font></span></p>\r\n\r\n<p>&nbsp;</p>\r\n\r\n<p dir="ltr" style="line-height:1.38;margin-top:0pt;margin-bottom:0pt"><span><font face="arial, helvetica, sans-serif"><span style="color:rgb(0,0,0);font-weight:bold;vertical-align:baseline;white-space:pre-wrap;background-color:transparent">Mechanism</span></font></span></p>\r\n\r\n<ol style="margin-top:0pt;margin-bottom:0pt">\r\n	<li dir="ltr" style="list-style-type:decimal;color:rgb(0,0,0);vertical-align:baseline;background-color:transparent">\r\n	<p dir="ltr" style="line-height:1.38;margin-top:0pt;margin-bottom:0pt"><span><font face="arial, helvetica, sans-serif"><span style="vertical-align:baseline;white-space:pre-wrap;background-color:transparent">Register here: </span><a href="http://bit.ly/a1hackreg" style="text-decoration:none" target="_blank"><span style="text-decoration:underline;vertical-align:baseline;white-space:pre-wrap;background-color:transparent">bit.ly/a1hackreg</span></a></font></span></p>\r\n	</li>\r\n	<li dir="ltr" style="list-style-type:decimal;color:rgb(0,0,0);vertical-align:baseline;background-color:transparent">\r\n	<p dir="ltr" style="line-height:1.38;margin-top:0pt;margin-bottom:0pt"><span><font face="arial, helvetica, sans-serif"><span style="vertical-align:baseline;white-space:pre-wrap;background-color:transparent">Use the data provided by </span><a href="http://data.id" style="text-decoration:none" target="_blank"><span style="text-decoration:underline;vertical-align:baseline;white-space:pre-wrap;background-color:transparent">data.id</span></a></font></span></p>\r\n	</li>\r\n	<li dir="ltr" style="list-style-type:decimal;color:rgb(0,0,0);vertical-align:baseline;background-color:transparent">\r\n	<p dir="ltr" style="line-height:1.38;margin-top:0pt;margin-bottom:0pt"><span><font face="arial, helvetica, sans-serif"><span style="vertical-align:baseline;white-space:pre-wrap;background-color:transparent">Create app that is compatible with Android One and Android 5.1 Lollipop</span></font></span></p>\r\n	</li>\r\n	<li dir="ltr" style="list-style-type:decimal;color:rgb(0,0,0);vertical-align:baseline;background-color:transparent">\r\n	<p dir="ltr" style="line-height:1.38;margin-top:0pt;margin-bottom:0pt"><span><font face="arial, helvetica, sans-serif"><span style="vertical-align:baseline;white-space:pre-wrap;background-color:transparent">Send your app to </span><a href="http://bit.ly/a1hacksubmit" style="text-decoration:none" target="_blank"><span style="text-decoration:underline;vertical-align:baseline;white-space:pre-wrap;background-color:transparent">bit.ly/a1hacksubmit</span></a></font></span></p>\r\n	</li>\r\n	<li dir="ltr" style="list-style-type:decimal;color:rgb(0,0,0);vertical-align:baseline;background-color:transparent">\r\n	<p dir="ltr" style="line-height:1.38;margin-top:0pt;margin-bottom:0pt"><span><font face="arial, helvetica, sans-serif"><span style="vertical-align:baseline;white-space:pre-wrap;background-color:transparent">Selected apps will be invited to </span><span style="font-weight:bold;vertical-align:baseline;white-space:pre-wrap;background-color:transparent">Demo Day</span><span style="vertical-align:baseline;white-space:pre-wrap;background-color:transparent"> on </span><span style="font-weight:bold;vertical-align:baseline;white-space:pre-wrap;background-color:transparent"><span class="aBn" data-term="goog_922551925" tabindex="0"><span class="aQJ">Sunday, 29 March 2015</span></span></span><span style="vertical-align:baseline;white-space:pre-wrap;background-color:transparent"> at Conclave, Jakarta</span></font></span></p>\r\n	</li>\r\n</ol>\r\n\r\n<p>&nbsp;</p>\r\n\r\n<p dir="ltr" style="line-height:1.38;margin-top:0pt;margin-bottom:0pt"><span><font face="arial, helvetica, sans-serif"><span style="color:rgb(0,0,0);font-weight:bold;vertical-align:baseline;white-space:pre-wrap;background-color:transparent">Deadline</span></font></span></p>\r\n\r\n<p dir="ltr" style="line-height:1.38;margin-top:0pt;margin-bottom:0pt"><span><font face="arial, helvetica, sans-serif"><span style="color:rgb(0,0,0);vertical-align:baseline;white-space:pre-wrap;background-color:transparent">Submit your app </span><span style="color:rgb(0,0,0);font-weight:bold;vertical-align:baseline;white-space:pre-wrap;background-color:transparent">before <span class="aBn" data-term="goog_922551926" tabindex="0"><span class="aQJ">26 March 2015</span></span></span></font></span></p>\r\n\r\n<p>&nbsp;</p>\r\n\r\n<p dir="ltr" style="line-height:1.38;margin-top:0pt;margin-bottom:0pt"><span><font face="arial, helvetica, sans-serif"><span style="color:rgb(0,0,0);font-weight:bold;vertical-align:baseline;white-space:pre-wrap;background-color:transparent">Prizes</span></font></span></p>\r\n\r\n<p dir="ltr" style="line-height:1.38;margin-top:0pt;margin-bottom:0pt"><span><font face="arial, helvetica, sans-serif"><span style="color:rgb(0,0,0);vertical-align:baseline;white-space:pre-wrap;background-color:transparent">Top 3 apps will be given Android One devices, Google swags, and the opportunity to visit Google Office Indonesia!</span></font></span></p>\r\n\r\n<p>&nbsp;</p>\r\n\r\n<p dir="ltr" style="line-height:1.38;margin-top:0pt;margin-bottom:0pt"><span><font face="arial, helvetica, sans-serif"><span style="color:rgb(0,0,0);font-weight:bold;vertical-align:baseline;white-space:pre-wrap;background-color:transparent">For more details, please visit</span></font></span></p>\r\n\r\n<p dir="ltr" style="line-height:1.38;margin-top:0pt;margin-bottom:0pt"><span><font face="arial, helvetica, sans-serif"><a href="http://bit.ly/a1hackforimpact" style="text-decoration:none" target="_blank"><span style="text-decoration:underline;vertical-align:baseline;white-space:pre-wrap;background-color:transparent">bit.ly/a1hackforimpact</span></a></font></span></p>\r\n\r\n<p>&nbsp;</p>\r\n\r\n<p dir="ltr" style="line-height:1.2;margin-top:0pt;margin-bottom:0pt;text-align:justify"><span><font face="arial, helvetica, sans-serif"><span style="color:rgb(0,0,0);vertical-align:baseline;white-space:pre-wrap;background-color:transparent">Cheers,</span></font></span></p>\r\n\r\n<p dir="ltr" style="line-height:1.2;margin-top:0pt;margin-bottom:0pt;text-align:justify"><span><font face="arial, helvetica, sans-serif"><span style="color:rgb(0,0,0);font-weight:bold;vertical-align:baseline;white-space:pre-wrap;background-color:transparent">Android One Hack for Impact</span></font></span></p>\r\n', '2015-03-10 14:41:52', '0000-00-00 00:00:00', '2015-03-10 14:41:52', '', 2),
(24, 5, 1, 'Menyelam dan Menaklukan Samudra PHP', 'menyelam_dan_menaklukan_samudra_php', 'Menyelam dan Menaklukan Samudra PHP', '<p><a href="http://www.ilmuwebsite.com/wp-content/uploads/2010/07/samudra.jpg"><img alt="" class="alignleft size-full wp-image-4756" height="166" src="http://www.ilmuwebsite.com/wp-content/uploads/2010/07/samudra.jpg" style="float: left; margin-right: 9px;" title="samudra" width="200" /></a>Setelah berhasil merilis <a href="http://www.ilmuwebsite.com/news-website/free-download-majalah-ilmuwebsite">E-Zine Ilmuwebsite</a> versi 1 ( yang telah didownload lebih dari <b><span style="color: #0000ff;">250.000 kali</span></b> ), dan menunggu kelarnya versi 2, kali ini kami kembali mengeluarkan <a href="http://www.ilmuwebsite.com/belajar-php">Ebook PHP</a> Beginner to Intermediate dengan judul &ldquo;Menyelam dan Menaklukan Samudra PHP&rdquo;. (Telah di download sebanyak<b> lebih dari </b><span style="color: #0000ff;"><b>300.000 kali, sudah ratusan orang &nbsp;yg memberikan testimoni</b></span>)</p>\r\n\r\n<p>Apa saja yang dibahas dalam <a href="http://www.ilmuwebsite.com/belajar-php">Ebook PHP</a> + Source Code <a href="http://www.ilmuwebsite.com/belajar-php">PHP</a> yang memiliki ketebalan 161 Halaman ini?</p>\r\n\r\n<p>&nbsp;</p>\r\n\r\n<p>&nbsp;</p>\r\n\r\n<p>&nbsp;</p>\r\n\r\n<p>Bab 1 : Perkenalan Instalasi dan Konfigurasi<br />\r\nBab 2 : Bekerja dengan PHP<br />\r\nBab 3 : Menggunakan PHP dan MySQL<br />\r\nBab 4 : Menampilkan Data Menggunakan Table<br />\r\nBab 5 : Bekerja dengan Form<br />\r\nBab 6 : Mengedit Database dengan Form<br />\r\nBab 7 : Lebih Jauh dengan Form<br />\r\nBab 8 : Email menggunakan PHP<br />\r\nBab 9 : PHP Authentication<br />\r\nBab 10 : Studi Kasus Membuat Sistem Informasi Administrasi Mahasiswa</p>\r\n\r\n<p>Semuanya kami sajikan dengan cara pembahasan yang mudah dicerna, tidak perlu mengunyah sebanyak 32 kali. :D. Disajikan perlangkah, dan langsung kepada praktik menggunakan PHP dan MySQL.</p>\r\n\r\n<p>Ebook PHP Ilmuwebsite ini kami buat untuk melengkapi tutorial-tutorial untuk kategori Belajar PHP di ilmuwebsite, semua orang boleh mengkopinya, semua orang bebas mendistribusikannya. Oke langsung saja download di sini &hellip;</p>\r\n\r\n<p><a href="http://www.mediafire.com/download/1n2se6wfguo6ora/ebookphpilmuwebsite.rar" target="_blank">http://www.mediafire.com/download/1n2se6wfguo6ora/ebookphpilmuwebsite.rar</a><br />\r\n<br />\r\nsumber : http://www.ilmuwebsite.com</p>\r\n', '2015-03-11 15:47:42', '2015-03-11 15:48:05', '2015-03-11 15:47:42', '', 3),
(25, 5, 1, 'Ubuntu Untuk Semua', 'ubuntu_untuk_semua', 'Ubuntu Untuk Semua', '<header class="entry-header">\r\n<h1 class="entry-title">Edisi Pertama Ebook Ubuntu Untuk Semua</h1>\r\n</header>\r\n\r\n<p><img alt="cover" class="attachment-post-thumbnail wp-post-image" height="313" src="http://www.fedoraku.info/wp-content/uploads/2015/03/cover-825x510.jpg" width="507" /></p>\r\n\r\n<p>Buku yang telah lama dinantikan akhirnya tiba. Ebook&nbsp;Ubuntu Untuk Semua merupakan buku elektronik untuk membantu pengguna baru Ubuntu untuk beradaptasi dengan sistem Ubuntu. Ditulis oleh anggota POSS UPI yang juga seorang mahasiswa dari jurusan Ilmu Komputer UPI ini diharapkan dapat mengisi deretan literatur komputer khususnya dibidang&nbsp;<em>free&nbsp;and open source software</em> di Indonesia.</p>\r\n\r\n<p>Semakin saya menulis semakin saya sadari bahwa masih sangat banyak kekurangan dari buku ini. Baik dari tata cara menulis maupun dari konten. Oleh karena itu, sudilah kiranya pembaca untuk mengirimkan umpan balik berupa kritik maupun saran langsung kepada penulis melalui email di <a href="mailto:baguzzzaji@gmail.com" target="_blank">baguzzzaji@gmail.com</a>, <a href="http://facebook.com/baguzzzaji" target="_blank">facebook.com/baguzzzaji</a>, <a href="http://twitter.com/bagusajiz" target="_blank">@bagusajiz</a> di twitter, atau melalui kolom komentar dibawah ini.</p>\r\n\r\n<p><a href="https://drive.google.com/file/d/0B9FlCIL3Cub-cER6RVZUOVN2OFU/view?usp=sharing" target="_blank">Silahkan akses ebook Ubuntu Untuk Semua melalui tautan berikut</a>.</p>\r\n\r\n<p>&nbsp;</p>\r\n\r\n<p>sumber : www.fedoraku.info</p>\r\n', '2015-03-11 15:50:12', '0000-00-00 00:00:00', '2015-03-11 15:50:12', 'default.jpg', 1);

-- --------------------------------------------------------

--
-- Table structure for table `rpl_user`
--

CREATE TABLE IF NOT EXISTS `rpl_user` (
`id_user` int(12) NOT NULL,
  `role_id` int(1) NOT NULL,
  `username` varchar(35) NOT NULL,
  `password` varchar(150) NOT NULL,
  `name` varchar(50) NOT NULL,
  `email` varchar(50) NOT NULL,
  `website` varchar(50) NOT NULL,
  `address` text NOT NULL,
  `about` text NOT NULL,
  `status_id` varchar(20) NOT NULL,
  `image` varchar(100) NOT NULL
) ENGINE=InnoDB AUTO_INCREMENT=7 DEFAULT CHARSET=latin1;

--
-- Dumping data for table `rpl_user`
--

INSERT INTO `rpl_user` (`id_user`, `role_id`, `username`, `password`, `name`, `email`, `website`, `address`, `about`, `status_id`, `image`) VALUES
(1, 1, 'zulfikar', 'fxb4siRGfAloJywUGYSqFgUpPkXGErDE409GZc7M7Jqv/VQCrLRorj5Ny6gPwCHGm6tFaw1mgccTCS3bEUgh0A==', 'Muhammad Zulfikar', 'azul@sliolab.com', 'www.sliolab.com', 'Jl. Jankes AD RT 08/01 Munjul Cipayung Jakarta Timur', 'Saya merupakan TI RPL 24 Angkatan Ke 4, saya senang main game, nonton anime dan juga tidur :D', '2', '1.jpg'),
(2, 0, 'nayla', 'G/3j65CKygOr8aa4vHyYyw93Z/PAXV3U1b8+vz8JeKX0zUF38TP7yK0gj2myF3pgIJh9hzs+gwAbmR34CyoeTg==', '', 'nayla@gmail.com', '', '', '', '4', 'default.jpg'),
(3, 0, 'Arsa513', 'He4fvvXvySo0iyrzKQhg2iG3M5Y1EezLb6hSybzm0IQvGvKLAtv+nV5hLhz9+k72s86Q5HvW6KFzld3e/pdZRA==', 'Alvito Rama', 'ramalvi@sliolab.com', 'arsalug.com', 'Jl.TK Ria', '', '3', '3.jpg'),
(4, 0, 'hendri', '5a3TCeF1RlXGIqK5w1rkVQTPtT+FWkF8K+kovclLu1RPZKw0TvSc+TGxADFktgYBPcyM2QmX7WNUYruupKGgoA==', '', 'hendri@soonpoh.co.id', '', '', '', '3', '4.jpg'),
(5, 0, 'hafiz', 'jpOq7Sz3XGKMeA1nXD0/m0d3FpXKfUHbTMHenRuQwKx2RBvCkCYgrQ9i5vo7AAnk7LuLMyjXkdUNHiszYl+Dng==', '', 'it@bintangtrack.com', '', '', '', '4', '5.jpg'),
(6, 0, 'murtala', 'nfDYY4kiikWj13orvNZHWZ/vOQLnGxpLG2suCKzLZaiyq5431WyY7YMxRO1MI7L2I/m2VrAg/4tM6XwbUm1p3w==', '', 'murtala92@gmail.com', '', '', '', '4', 'default.jpg');

--
-- Indexes for dumped tables
--

--
-- Indexes for table `rpl_category`
--
ALTER TABLE `rpl_category`
 ADD PRIMARY KEY (`id_category`);

--
-- Indexes for table `rpl_library`
--
ALTER TABLE `rpl_library`
 ADD PRIMARY KEY (`id_library`);

--
-- Indexes for table `rpl_log_activity`
--
ALTER TABLE `rpl_log_activity`
 ADD PRIMARY KEY (`id_log_activity`);

--
-- Indexes for table `rpl_media_file`
--
ALTER TABLE `rpl_media_file`
 ADD PRIMARY KEY (`id_media_file`);

--
-- Indexes for table `rpl_media_image`
--
ALTER TABLE `rpl_media_image`
 ADD PRIMARY KEY (`id_media_image`);

--
-- Indexes for table `rpl_messenger`
--
ALTER TABLE `rpl_messenger`
 ADD PRIMARY KEY (`id_messenger`);

--
-- Indexes for table `rpl_post`
--
ALTER TABLE `rpl_post`
 ADD PRIMARY KEY (`id_post`);

--
-- Indexes for table `rpl_role`
--
ALTER TABLE `rpl_role`
 ADD PRIMARY KEY (`id_role`);

--
-- Indexes for table `rpl_session`
--
ALTER TABLE `rpl_session`
 ADD PRIMARY KEY (`id_session`);

--
-- Indexes for table `rpl_status`
--
ALTER TABLE `rpl_status`
 ADD PRIMARY KEY (`id_status`);

--
-- Indexes for table `rpl_status_active`
--
ALTER TABLE `rpl_status_active`
 ADD PRIMARY KEY (`id_status_active`);

--
-- Indexes for table `rpl_thread`
--
ALTER TABLE `rpl_thread`
 ADD PRIMARY KEY (`id_thread`);

--
-- Indexes for table `rpl_user`
--
ALTER TABLE `rpl_user`
 ADD PRIMARY KEY (`id_user`);

--
-- AUTO_INCREMENT for dumped tables
--

--
-- AUTO_INCREMENT for table `rpl_category`
--
ALTER TABLE `rpl_category`
MODIFY `id_category` int(2) NOT NULL AUTO_INCREMENT,AUTO_INCREMENT=26;
--
-- AUTO_INCREMENT for table `rpl_library`
--
ALTER TABLE `rpl_library`
MODIFY `id_library` int(12) NOT NULL AUTO_INCREMENT,AUTO_INCREMENT=2;
--
-- AUTO_INCREMENT for table `rpl_log_activity`
--
ALTER TABLE `rpl_log_activity`
MODIFY `id_log_activity` int(3) NOT NULL AUTO_INCREMENT;
--
-- AUTO_INCREMENT for table `rpl_media_file`
--
ALTER TABLE `rpl_media_file`
MODIFY `id_media_file` int(3) NOT NULL AUTO_INCREMENT;
--
-- AUTO_INCREMENT for table `rpl_media_image`
--
ALTER TABLE `rpl_media_image`
MODIFY `id_media_image` int(5) NOT NULL AUTO_INCREMENT;
--
-- AUTO_INCREMENT for table `rpl_messenger`
--
ALTER TABLE `rpl_messenger`
MODIFY `id_messenger` int(5) NOT NULL AUTO_INCREMENT;
--
-- AUTO_INCREMENT for table `rpl_post`
--
ALTER TABLE `rpl_post`
MODIFY `id_post` int(7) NOT NULL AUTO_INCREMENT,AUTO_INCREMENT=6;
--
-- AUTO_INCREMENT for table `rpl_role`
--
ALTER TABLE `rpl_role`
MODIFY `id_role` int(12) NOT NULL AUTO_INCREMENT,AUTO_INCREMENT=3;
--
-- AUTO_INCREMENT for table `rpl_session`
--
ALTER TABLE `rpl_session`
MODIFY `id_session` int(3) NOT NULL AUTO_INCREMENT;
--
-- AUTO_INCREMENT for table `rpl_status`
--
ALTER TABLE `rpl_status`
MODIFY `id_status` int(2) NOT NULL AUTO_INCREMENT,AUTO_INCREMENT=5;
--
-- AUTO_INCREMENT for table `rpl_status_active`
--
ALTER TABLE `rpl_status_active`
MODIFY `id_status_active` int(2) NOT NULL AUTO_INCREMENT,AUTO_INCREMENT=3;
--
-- AUTO_INCREMENT for table `rpl_thread`
--
ALTER TABLE `rpl_thread`
MODIFY `id_thread` int(12) NOT NULL AUTO_INCREMENT,AUTO_INCREMENT=26;
--
-- AUTO_INCREMENT for table `rpl_user`
--
ALTER TABLE `rpl_user`
MODIFY `id_user` int(12) NOT NULL AUTO_INCREMENT,AUTO_INCREMENT=7;
/*!40101 SET CHARACTER_SET_CLIENT=@OLD_CHARACTER_SET_CLIENT */;
/*!40101 SET CHARACTER_SET_RESULTS=@OLD_CHARACTER_SET_RESULTS */;
/*!40101 SET COLLATION_CONNECTION=@OLD_COLLATION_CONNECTION */;
